{"type":"FeatureCollection","features":[{"type":"Feature","properties":{"zone":"district","name":"Daerah Kemaman"},"geometry":{"type":"Polygon","coordinates":[[[103.4579,4.585988],[103.457812,4.586146],[103.457761,4.586315],[103.457724,4.586609],[103.457729,4.58678],[103.457753,4.586991],[103.457793,4.587197],[103.457892,4.587847],[103.457957,4.5882],[103.45807,4.588606],[103.458236,4.589036],[103.458351,4.589456],[103.458359,4.589579],[103.458346,4.589705],[103.458303,4.589806],[103.458225,4.589924],[103.458138,4.590028],[103.457977,4.590257],[103.457931,4.59035],[103.457733,4.590907],[103.457555,4.591493],[103.457531,4.591571],[103.457508,4.591647],[103.457402,4.59199],[103.457356,4.592095],[103.457268,4.592226],[103.45708,4.59248],[103.456795,4.592951],[103.456621,4.593143],[103.456388,4.593362],[103.456302,4.593483],[103.456232,4.593614],[103.456066,4.593937],[103.455782,4.594483],[103.455446,4.595071],[103.455302,4.595311],[103.45491,4.595843],[103.442616,4.59156],[103.406202,4.588117],[103.38189,4.58632],[103.373966,4.586777],[103.370876,4.582756],[103.36813,4.581387],[103.362465,4.583184],[103.357278,4.585486],[103.355727,4.586628],[103.354869,4.588916],[103.353989,4.590221],[103.352015,4.59052],[103.348818,4.593365],[103.346007,4.595696],[103.345556,4.597001],[103.344011,4.597921],[103.34296,4.596531],[103.342295,4.595504],[103.341179,4.592937],[103.340921,4.59206],[103.340879,4.591205],[103.340793,4.589665],[103.340256,4.588638],[103.339484,4.587868],[103.338067,4.587248],[103.337102,4.586692],[103.336029,4.585579],[103.334355,4.583719],[103.333068,4.583227],[103.330815,4.582842],[103.330965,4.580574],[103.330686,4.577216],[103.330708,4.576083],[103.330386,4.574885],[103.32912,4.57373],[103.328176,4.57281],[103.327768,4.57157],[103.327538,4.569722],[103.325772,4.570019],[103.325107,4.569334],[103.324431,4.569185],[103.324227,4.569463],[103.32265,4.569024],[103.321255,4.569046],[103.321191,4.568137],[103.320869,4.568179],[103.320644,4.567538],[103.319431,4.568051],[103.318927,4.567014],[103.318659,4.566842],[103.31823,4.566704],[103.317532,4.566821],[103.316889,4.564704],[103.316266,4.564832],[103.315623,4.563591],[103.31381,4.564789],[103.313348,4.564137],[103.311449,4.565035],[103.311675,4.565495],[103.311374,4.565613],[103.310988,4.56603],[103.31073,4.565773],[103.310033,4.566575],[103.309293,4.566543],[103.309185,4.566008],[103.308595,4.566083],[103.307898,4.565516],[103.307533,4.565206],[103.306771,4.564115],[103.306149,4.564297],[103.301868,4.56111],[103.300753,4.5588],[103.297491,4.558116],[103.293714,4.55726],[103.293457,4.55418],[103.294229,4.548875],[103.292427,4.54588],[103.293457,4.542373],[103.290882,4.536726],[103.292513,4.531335],[103.295946,4.525859],[103.297234,4.521239],[103.298693,4.516019],[103.298435,4.510115],[103.296633,4.507292],[103.2932,4.503955],[103.291139,4.502586],[103.288479,4.501216],[103.286333,4.49805],[103.284788,4.494114],[103.28496,4.488381],[103.286489,4.482533],[103.286934,4.479568],[103.287363,4.476488],[103.28702,4.472466],[103.287841,4.470318],[103.286848,4.46408],[103.287191,4.459716],[103.283329,4.456464],[103.280668,4.453555],[103.276978,4.450217],[103.271141,4.45133],[103.264189,4.452956],[103.2617,4.456036],[103.259811,4.461256],[103.258407,4.463927],[103.251915,4.473236],[103.24213,4.477514],[103.227367,4.480424],[103.222015,4.479736],[103.218183,4.482648],[103.217239,4.485472],[103.215952,4.490863],[103.215437,4.495141],[103.21371,4.497278],[103.212519,4.496895],[103.211145,4.496767],[103.209171,4.496767],[103.207283,4.494542],[103.206307,4.492336],[103.204966,4.491633],[103.202906,4.492061],[103.200931,4.490178],[103.200846,4.488296],[103.200588,4.486756],[103.197498,4.485044],[103.193979,4.484702],[103.192348,4.4859],[103.189399,4.486346],[103.187284,4.484189],[103.184624,4.48359],[103.184624,4.480766],[103.185568,4.477942],[103.185139,4.473065],[103.185139,4.470241],[103.185482,4.466647],[103.184624,4.465363],[103.182907,4.466219],[103.180075,4.466733],[103.177414,4.464764],[103.178015,4.462283],[103.177586,4.459973],[103.177242,4.457491],[103.174839,4.455095],[103.173552,4.451758],[103.172607,4.44611],[103.170462,4.44243],[103.169229,4.438085],[103.162222,4.436697],[103.159904,4.435328],[103.158188,4.433188],[103.1569,4.428824],[103.157673,4.425487],[103.15793,4.421122],[103.154583,4.419154],[103.152094,4.418042],[103.148832,4.418384],[103.147545,4.420181],[103.142395,4.418812],[103.139219,4.41556],[103.134413,4.4171],[103.137503,4.423861],[103.14085,4.429509],[103.138018,4.431135],[103.136387,4.43413],[103.133287,4.438619],[103.131237,4.441318],[103.128919,4.443372],[103.12643,4.442944],[103.121967,4.444142],[103.118792,4.443543],[103.114929,4.442516],[103.112183,4.439178],[103.111642,4.436999],[103.106518,4.437895],[103.102913,4.43858],[103.102054,4.436355],[103.101282,4.434301],[103.099651,4.431819],[103.095016,4.428653],[103.093815,4.425743],[103.089867,4.426514],[103.086433,4.425829],[103.085489,4.422235],[103.082313,4.421978],[103.078966,4.422748],[103.075962,4.424289],[103.073044,4.426514],[103.071241,4.430963],[103.068323,4.432504],[103.065272,4.432357],[103.062143,4.431819],[103.060513,4.433188],[103.058367,4.432418],[103.053818,4.432589],[103.051243,4.436697],[103.050127,4.43858],[103.045235,4.438066],[103.042402,4.439007],[103.036995,4.439692],[103.032017,4.439435],[103.026009,4.440633],[103.023519,4.44166],[103.018112,4.440548],[103.014936,4.437724],[103.011876,4.432282],[103.010808,4.431942],[103.010726,4.431669],[103.010784,4.431184],[103.010539,4.429436],[103.010383,4.428583],[103.010208,4.428098],[103.010221,4.427774],[103.010467,4.427189],[103.010615,4.426675],[103.010591,4.426215],[103.010764,4.42499],[103.010588,4.424469],[103.009849,4.423647],[103.009502,4.42342],[103.009,4.423226],[103.008775,4.422911],[103.009148,4.422145],[103.009333,4.421656],[103.009336,4.421134],[103.009187,4.420449],[103.008954,4.418274],[103.008932,4.417691],[103.008955,4.416111],[103.009147,4.415543],[103.009866,4.414599],[103.010369,4.413869],[103.010808,4.413082],[103.011699,4.412447],[103.012133,4.411799],[103.012443,4.411053],[103.012864,4.410406],[103.013143,4.410268],[103.014021,4.410187],[103.014706,4.409973],[103.015137,4.409723],[103.015862,4.409078],[103.017157,4.40769],[103.018041,4.407118],[103.018363,4.406789],[103.018615,4.406772],[103.019144,4.406928],[103.020279,4.407638],[103.021286,4.408674],[103.021556,4.408834],[103.02199,4.408673],[103.023288,4.408309],[103.024022,4.408264],[103.025291,4.408528],[103.026,4.408447],[103.026058,4.407826],[103.026058,4.406788],[103.026174,4.406479],[103.026798,4.406088],[103.027146,4.405621],[103.027225,4.405181],[103.027138,4.404672],[103.026947,4.404093],[103.026616,4.403566],[103.025419,4.40246],[103.025379,4.402091],[103.026099,4.401532],[103.026284,4.401274],[103.026415,4.40044],[103.026383,4.399406],[103.026107,4.398067],[103.025886,4.397747],[103.024894,4.397337],[103.024642,4.397013],[103.023883,4.395622],[103.022964,4.394357],[103.022554,4.394016],[103.021857,4.393756],[103.020845,4.393523],[103.019742,4.393391],[103.019482,4.393185],[103.018955,4.392407],[103.018129,4.391619],[103.017755,4.391326],[103.017641,4.391037],[103.017509,4.389255],[103.016742,4.387617],[103.016424,4.387245],[103.015539,4.386594],[103.014512,4.386037],[103.013856,4.385817],[103.013364,4.385862],[103.012906,4.386033],[103.012319,4.386572],[103.011951,4.386693],[103.011504,4.386495],[103.011101,4.38616],[103.01032,4.385869],[103.008943,4.384879],[103.00805,4.38342],[103.007917,4.383144],[103.006994,4.382149],[103.006415,4.381699],[103.006172,4.381366],[103.005687,4.379717],[103.00538,4.378574],[103.004427,4.376818],[103.004274,4.376148],[103.004345,4.375674],[103.00472,4.375069],[103.006475,4.373457],[103.006225,4.37211],[103.005855,4.37104],[103.005924,4.370251],[103.005763,4.36962],[103.005441,4.369097],[103.005232,4.368231],[103.004828,4.367505],[103.004843,4.367116],[103.005082,4.366599],[103.005826,4.365883],[103.005897,4.365624],[103.005928,4.364693],[103.006079,4.364436],[103.007012,4.363284],[103.00705,4.362983],[103.006924,4.362468],[103.006568,4.361685],[103.005868,4.360266],[103.005681,4.359724],[103.005757,4.358784],[103.005871,4.358487],[103.006557,4.357551],[103.006745,4.357222],[103.007189,4.356869],[103.00772,4.356607],[103.00776,4.35622],[103.007691,4.355323],[103.007322,4.354306],[103.007299,4.35369],[103.007387,4.352964],[103.007301,4.352232],[103.007056,4.351666],[103.006469,4.35084],[103.006211,4.350233],[103.005983,4.349328],[103.005946,4.346513],[103.005627,4.34447],[103.005769,4.343778],[103.00593,4.343502],[103.006131,4.343397],[103.007109,4.343461],[103.007317,4.343378],[103.00807,4.342769],[103.008776,4.341678],[103.009057,4.340412],[103.009445,4.34025],[103.0099,4.340189],[103.012013,4.340153],[103.012535,4.340094],[103.012971,4.339886],[103.013867,4.33877],[103.014979,4.337611],[103.015141,4.337297],[103.015294,4.336751],[103.015247,4.336271],[103.015116,4.335913],[103.015052,4.335411],[103.015059,4.333671],[103.014682,4.333478],[103.014175,4.333356],[103.012561,4.332741],[103.011473,4.332962],[103.010989,4.332922],[103.010197,4.332586],[103.009855,4.332226],[103.009368,4.331169],[103.009101,4.330701],[103.008547,4.329975],[103.008271,4.329795],[103.007949,4.32972],[103.007353,4.329722],[103.006844,4.32984],[103.005685,4.330305],[103.005007,4.330471],[103.004169,4.330492],[103.003784,4.330451],[103.003031,4.330109],[103.002505,4.330058],[103.00194,4.330122],[103.001451,4.330364],[103.000481,4.331223],[102.999841,4.331562],[102.999203,4.331717],[102.998671,4.331612],[102.998411,4.331356],[102.997951,4.331052],[102.997487,4.330916],[102.99693,4.331085],[102.995633,4.331708],[102.995029,4.331939],[102.993491,4.332741],[102.993039,4.333057],[102.992328,4.33339],[102.991635,4.333856],[102.991367,4.334413],[102.991273,4.335311],[102.989325,4.335135],[102.988245,4.335091],[102.987843,4.335433],[102.987279,4.33489],[102.98589,4.33419],[102.984982,4.334132],[102.984527,4.334325],[102.982779,4.336144],[102.981694,4.33667],[102.98112,4.336863],[102.980602,4.336854],[102.980229,4.336673],[102.9796,4.336135],[102.978928,4.335843],[102.977295,4.335731],[102.976457,4.335163],[102.975999,4.334768],[102.975876,4.3345],[102.975778,4.333384],[102.975358,4.332758],[102.974377,4.332229],[102.973592,4.331583],[102.972326,4.330808],[102.97167,4.330578],[102.97063,4.330469],[102.968949,4.329519],[102.967641,4.328624],[102.967177,4.32822],[102.96693,4.32781],[102.966857,4.327447],[102.965949,4.325775],[102.965757,4.325471],[102.964891,4.32464],[102.963805,4.323407],[102.963502,4.323115],[102.9625,4.321989],[102.961337,4.32101],[102.960005,4.319825],[102.959833,4.31959],[102.959755,4.31783],[102.959276,4.316761],[102.958727,4.312975],[102.95847,4.311915],[102.958096,4.310176],[102.957641,4.308563],[102.957438,4.305169],[102.957368,4.304523],[102.957438,4.303931],[102.957684,4.30331],[102.957776,4.30152],[102.957677,4.30057],[102.957403,4.29988],[102.956597,4.298431],[102.956461,4.297956],[102.956422,4.297347],[102.9566,4.296238],[102.95642,4.294761],[102.95611,4.293889],[102.955701,4.293204],[102.955154,4.292518],[102.954989,4.291975],[102.954366,4.290572],[102.954072,4.289743],[102.9539,4.289128],[102.953673,4.28873],[102.953266,4.288198],[102.952446,4.287472],[102.951753,4.286659],[102.951272,4.286187],[102.950924,4.285845],[102.950513,4.285516],[102.949738,4.285148],[102.948894,4.284549],[102.948526,4.284484],[102.947861,4.284728],[102.946156,4.284937],[102.944912,4.284939],[102.944207,4.285564],[102.943953,4.285736],[102.943307,4.286323],[102.942215,4.287316],[102.941299,4.287639],[102.939875,4.288459],[102.939433,4.288429],[102.939129,4.288315],[102.938069,4.287397],[102.937477,4.286936],[102.936706,4.286436],[102.936587,4.286359],[102.935819,4.285711],[102.935102,4.284795],[102.934938,4.284491],[102.934403,4.282891],[102.933411,4.281748],[102.93312,4.280896],[102.932839,4.280519],[102.931441,4.278997],[102.930848,4.278124],[102.930736,4.277596],[102.930772,4.27726],[102.931037,4.276667],[102.931091,4.276278],[102.93113,4.275273],[102.931427,4.274367],[102.931781,4.273906],[102.932451,4.273209],[102.932628,4.272414],[102.932641,4.271673],[102.9323,4.270697],[102.931505,4.269585],[102.931259,4.269129],[102.930752,4.267924],[102.9308,4.266403],[102.930728,4.265733],[102.93026,4.263827],[102.929839,4.262958],[102.929815,4.262379],[102.930075,4.261893],[102.930133,4.261218],[102.929933,4.258877],[102.929742,4.25856],[102.929681,4.258101],[102.929685,4.257497],[102.930001,4.257158],[102.930168,4.256723],[102.930279,4.256144],[102.930554,4.255534],[102.930898,4.254158],[102.930932,4.252881],[102.930993,4.251691],[102.93154,4.250086],[102.93191,4.249607],[102.932987,4.247619],[102.933519,4.246713],[102.934746,4.245291],[102.93484,4.245099],[102.934484,4.244488],[102.934002,4.244458],[102.933449,4.24409],[102.932886,4.243794],[102.932374,4.243409],[102.932071,4.24297],[102.931993,4.242659],[102.932057,4.241732],[102.932149,4.241011],[102.932051,4.240556],[102.931474,4.239195],[102.93102,4.238431],[102.930576,4.238119],[102.93018,4.237708],[102.930048,4.2374],[102.930036,4.236535],[102.929792,4.236155],[102.928571,4.235429],[102.926886,4.234682],[102.926454,4.234418],[102.92571,4.234515],[102.924299,4.234569],[102.923677,4.234545],[102.923421,4.234425],[102.922772,4.233807],[102.921428,4.233146],[102.920688,4.232641],[102.920441,4.23227],[102.920375,4.231867],[102.920212,4.229406],[102.920464,4.228757],[102.921061,4.228187],[102.921914,4.227047],[102.922411,4.226587],[102.922595,4.226311],[102.922661,4.22583],[102.922307,4.225377],[102.92072,4.224701],[102.920275,4.22417],[102.919802,4.223388],[102.919568,4.221606],[102.919393,4.220977],[102.918556,4.220103],[102.917992,4.219299],[102.917303,4.218822],[102.916468,4.218524],[102.916069,4.218452],[102.915836,4.217497],[102.915576,4.217051],[102.915123,4.216633],[102.914059,4.215965],[102.913827,4.215617],[102.913627,4.214672],[102.913684,4.213209],[102.9137,4.210919],[102.913828,4.210539],[102.913806,4.210313],[102.914113,4.209814],[102.915204,4.208853],[102.915566,4.207817],[102.915979,4.207139],[102.916376,4.20687],[102.917144,4.206563],[102.917323,4.206282],[102.917606,4.205088],[102.91693,4.203181],[102.916241,4.201851],[102.917554,4.200862],[102.918223,4.200199],[102.919222,4.19932],[102.919918,4.198477],[102.920911,4.19664],[102.920982,4.195742],[102.920873,4.194867],[102.920854,4.193732],[102.9209,4.19293],[102.921518,4.191998],[102.921561,4.191673],[102.921263,4.191294],[102.920934,4.189972],[102.921006,4.188522],[102.921091,4.187417],[102.921265,4.186757],[102.921392,4.185964],[102.921031,4.184931],[102.920424,4.183901],[102.920383,4.183331],[102.919297,4.179599],[102.919221,4.178968],[102.919501,4.177527],[102.919857,4.176626],[102.919934,4.175941],[102.919927,4.174987],[102.920434,4.173714],[102.920565,4.172898],[102.920922,4.17226],[102.920939,4.171409],[102.920861,4.170585],[102.920666,4.17006],[102.920438,4.169733],[102.920196,4.169042],[102.921292,4.168129],[102.921655,4.167675],[102.921778,4.167261],[102.921479,4.165419],[102.92118,4.164452],[102.921243,4.163799],[102.921045,4.163152],[102.920872,4.161957],[102.921063,4.161481],[102.921372,4.160509],[102.921167,4.159392],[102.921304,4.158899],[102.921955,4.157903],[102.921722,4.157294],[102.921433,4.156929],[102.920916,4.156491],[102.920451,4.156228],[102.920429,4.155907],[102.920142,4.155079],[102.919199,4.154798],[102.917357,4.154728],[102.916894,4.154556],[102.916567,4.15431],[102.915639,4.153184],[102.915388,4.153011],[102.914448,4.152753],[102.913538,4.152353],[102.912592,4.151835],[102.912224,4.151503],[102.911949,4.151469],[102.910393,4.151433],[102.909033,4.150121],[102.908472,4.149635],[102.908187,4.149553],[102.906868,4.149361],[102.905561,4.149031],[102.905029,4.148714],[102.904402,4.148163],[102.903517,4.148001],[102.902085,4.146683],[102.901762,4.146549],[102.901198,4.146444],[102.90083,4.146107],[102.900667,4.145792],[102.900507,4.145242],[102.900286,4.144844],[102.899779,4.144347],[102.899301,4.144088],[102.898656,4.143866],[102.897737,4.14369],[102.896985,4.142989],[102.896652,4.14252],[102.896533,4.141778],[102.896218,4.141515],[102.895403,4.141376],[102.893835,4.140125],[102.892882,4.139787],[102.892525,4.139153],[102.892591,4.138018],[102.892538,4.137661],[102.892091,4.137161],[102.891561,4.1367],[102.891474,4.136289],[102.891589,4.136],[102.892182,4.135512],[102.892261,4.135149],[102.892336,4.133771],[102.89245,4.133535],[102.892797,4.133267],[102.893887,4.132756],[102.894814,4.132136],[102.895282,4.131906],[102.895759,4.131478],[102.89611,4.130645],[102.896388,4.128055],[102.896599,4.12751],[102.896867,4.127125],[102.897334,4.126802],[102.898923,4.125968],[102.899776,4.125589],[102.900415,4.125045],[102.900508,4.12473],[102.900581,4.123681],[102.900447,4.122712],[102.900436,4.122158],[102.900746,4.121222],[102.90145,4.120352],[102.902748,4.119061],[102.903672,4.118497],[102.904074,4.118159],[102.90493,4.117122],[102.905701,4.116391],[102.905902,4.116111],[102.906037,4.115647],[102.906117,4.11486],[102.906157,4.1139],[102.906241,4.11361],[102.906803,4.113114],[102.907996,4.11276],[102.908803,4.11212],[102.909182,4.112019],[102.911093,4.11199],[102.911474,4.111739],[102.912212,4.111149],[102.912614,4.110704],[102.912823,4.110274],[102.913033,4.109461],[102.913489,4.108584],[102.914203,4.107584],[102.91425,4.107254],[102.914285,4.105811],[102.914421,4.105514],[102.915113,4.104877],[102.917199,4.103747],[102.91782,4.103449],[102.918587,4.103018],[102.920506,4.102612],[102.921339,4.101872],[102.922107,4.101297],[102.923015,4.100466],[102.923269,4.100352],[102.924038,4.10043],[102.924441,4.100592],[102.925102,4.100993],[102.925437,4.100985],[102.926335,4.100744],[102.927796,4.100769],[102.928168,4.100612],[102.929424,4.099314],[102.930511,4.098352],[102.931454,4.098694],[102.932499,4.099588],[102.933025,4.099955],[102.934706,4.100578],[102.935186,4.101068],[102.935503,4.101472],[102.935845,4.101648],[102.936212,4.101852],[102.937183,4.102799],[102.937521,4.103399],[102.937636,4.103782],[102.937934,4.104078],[102.938477,4.104207],[102.938943,4.104271],[102.939132,4.104253],[102.939518,4.104203],[102.939982,4.1043],[102.940307,4.104484],[102.940774,4.104768],[102.941921,4.105316],[102.943448,4.106415],[102.944047,4.106828],[102.944512,4.107352],[102.944726,4.107419],[102.945843,4.107471],[102.94675,4.107655],[102.947165,4.107913],[102.947537,4.108117],[102.94894,4.108373],[102.949418,4.108731],[102.949784,4.109017],[102.949986,4.109086],[102.950394,4.109065],[102.950682,4.109344],[102.951399,4.110041],[102.951861,4.110327],[102.952322,4.110442],[102.953077,4.110435],[102.953716,4.110336],[102.954165,4.110247],[102.95497,4.110231],[102.955327,4.11037],[102.955881,4.111039],[102.956245,4.111557],[102.956499,4.111774],[102.956836,4.111885],[102.958888,4.111878],[102.960067,4.112021],[102.960321,4.112216],[102.961339,4.113299],[102.961809,4.114205],[102.961872,4.11541],[102.962365,4.115923],[102.963,4.11641],[102.963554,4.116785],[102.964402,4.117663],[102.964807,4.11836],[102.965054,4.118427],[102.966686,4.118489],[102.967026,4.11858],[102.96743,4.118768],[102.96799,4.118778],[102.968443,4.118785],[102.968675,4.118926],[102.969325,4.119633],[102.969653,4.119803],[102.970313,4.119941],[102.970965,4.119868],[102.97156,4.119726],[102.972372,4.119615],[102.973532,4.119284],[102.974399,4.119263],[102.974826,4.119315],[102.97514,4.119485],[102.976194,4.120323],[102.976975,4.121477],[102.977305,4.121689],[102.977656,4.1218],[102.978866,4.121876],[102.979403,4.12192],[102.979675,4.122044],[102.980266,4.12238],[102.98095,4.122664],[102.981288,4.122675],[102.981584,4.122282],[102.981913,4.122087],[102.983227,4.121819],[102.983643,4.121605],[102.983909,4.121042],[102.984031,4.120679],[102.984183,4.120457],[102.984476,4.120004],[102.984689,4.119554],[102.984976,4.119223],[102.985854,4.119279],[102.986316,4.119574],[102.986471,4.119827],[102.986414,4.120171],[102.986226,4.120492],[102.985983,4.12088],[102.986014,4.121239],[102.986181,4.121495],[102.986353,4.121706],[102.986633,4.122506],[102.987002,4.122718],[102.987326,4.122741],[102.988039,4.122736],[102.988621,4.123377],[102.989184,4.123664],[102.989461,4.123791],[102.990006,4.123858],[102.990526,4.123928],[102.991072,4.124148],[102.991531,4.124375],[102.991866,4.124675],[102.992103,4.125129],[102.992259,4.125675],[102.992272,4.126048],[102.992229,4.126468],[102.992259,4.126986],[102.992359,4.127224],[102.992488,4.127582],[102.992563,4.127991],[102.992654,4.128344],[102.992858,4.128671],[102.993223,4.128983],[102.993972,4.129298],[102.994314,4.129343],[102.994603,4.129466],[102.994796,4.129559],[102.995031,4.129655],[102.995254,4.129634],[102.99554,4.129413],[102.99596,4.129],[102.996218,4.12879],[102.996507,4.128616],[102.996628,4.12854],[102.99697,4.128323],[102.997424,4.128147],[102.997903,4.128109],[102.998229,4.128151],[102.998619,4.128197],[102.999038,4.128232],[102.999634,4.128272],[102.999993,4.128269],[103.000271,4.128221],[103.000648,4.128092],[103.001159,4.127908],[103.001671,4.127746],[103.001956,4.12774],[103.002133,4.127758],[103.002394,4.12786],[103.00269,4.128077],[103.002933,4.128379],[103.003194,4.128593],[103.003635,4.128676],[103.003947,4.128721],[103.004261,4.128809],[103.004608,4.128982],[103.004921,4.129148],[103.005232,4.129281],[103.005588,4.129386],[103.005743,4.129407],[103.006013,4.129339],[103.00624,4.129141],[103.00636,4.128987],[103.006469,4.128756],[103.006651,4.128501],[103.006869,4.128308],[103.007194,4.128201],[103.00749,4.128142],[103.007766,4.128085],[103.008025,4.128053],[103.008275,4.128014],[103.008544,4.127897],[103.008705,4.1278],[103.008804,4.127728],[103.009093,4.12748],[103.009301,4.127319],[103.009549,4.12713],[103.009846,4.126904],[103.01007,4.12674],[103.010325,4.126593],[103.010585,4.126459],[103.010903,4.126381],[103.011274,4.126361],[103.011627,4.126252],[103.011907,4.126085],[103.012174,4.125842],[103.01223,4.125783],[103.012739,4.125291],[103.012983,4.124965],[103.013397,4.124597],[103.013712,4.124337],[103.01392,4.124099],[103.013992,4.123834],[103.01398,4.123639],[103.013933,4.123257],[103.013941,4.122913],[103.014009,4.122671],[103.014039,4.122328],[103.01404,4.12194],[103.01404,4.121815],[103.014042,4.121485],[103.01407,4.121303],[103.014188,4.121179],[103.014878,4.120829],[103.015217,4.120601],[103.015507,4.120316],[103.015681,4.120057],[103.015923,4.11969],[103.016151,4.119302],[103.016341,4.118928],[103.016572,4.118518],[103.016668,4.118203],[103.016727,4.117899],[103.016799,4.117626],[103.016989,4.117405],[103.01824,4.11702],[103.018519,4.116938],[103.018876,4.116953],[103.019359,4.116997],[103.019745,4.117021],[103.019953,4.117033],[103.020214,4.117034],[103.020592,4.117099],[103.020966,4.117207],[103.021416,4.11766],[103.021891,4.118393],[103.022527,4.11961],[103.022945,4.12036],[103.023214,4.120789],[103.02346,4.120935],[103.023825,4.120986],[103.024328,4.120997],[103.02468,4.120915],[103.025135,4.120682],[103.025474,4.120538],[103.025838,4.120387],[103.026225,4.120207],[103.026415,4.120161],[103.026822,4.120139],[103.02728,4.120199],[103.027783,4.120286],[103.028335,4.120466],[103.02863,4.120531],[103.02893,4.120592],[103.029137,4.12061],[103.029372,4.120538],[103.029732,4.120219],[103.030021,4.119974],[103.030265,4.11977],[103.03091,4.11929],[103.031338,4.118952],[103.031622,4.118677],[103.031866,4.118424],[103.032228,4.118142],[103.032435,4.117989],[103.032798,4.117692],[103.033011,4.117511],[103.033296,4.117332],[103.033624,4.117169],[103.034098,4.117287],[103.0345,4.117567],[103.034842,4.117774],[103.03519,4.117887],[103.035454,4.117895],[103.035832,4.117794],[103.036028,4.117746],[103.036375,4.117638],[103.036697,4.117557],[103.036926,4.11748],[103.037413,4.117334],[103.03774,4.117233],[103.037992,4.11712],[103.038303,4.116911],[103.038538,4.116755],[103.03881,4.116534],[103.039096,4.116314],[103.039503,4.116177],[103.039841,4.116124],[103.040138,4.116115],[103.04058,4.116099],[103.041053,4.116066],[103.04147,4.116019],[103.041659,4.116007],[103.042074,4.116037],[103.042442,4.11615],[103.04294,4.116353],[103.043439,4.116512],[103.043964,4.116622],[103.044318,4.116625],[103.044676,4.116569],[103.044939,4.116391],[103.04504,4.116118],[103.045144,4.115819],[103.045243,4.115484],[103.045364,4.115138],[103.04547,4.114989],[103.045521,4.114909],[103.045639,4.114802],[103.045906,4.114635],[103.046221,4.114522],[103.046509,4.11444],[103.046985,4.114419],[103.047322,4.114433],[103.047808,4.114531],[103.048225,4.114667],[103.04859,4.114804],[103.048957,4.114914],[103.049352,4.115088],[103.049699,4.115227],[103.050101,4.11538],[103.050548,4.115649],[103.050919,4.115904],[103.051299,4.116224],[103.051725,4.116697],[103.05193,4.117071],[103.052204,4.117452],[103.052485,4.117831],[103.052777,4.118217],[103.05308,4.118612],[103.05337,4.118816],[103.053816,4.119008],[103.054034,4.118861],[103.054245,4.118544],[103.054499,4.118139],[103.054683,4.117877],[103.054838,4.117635],[103.055114,4.117301],[103.055291,4.117036],[103.055417,4.116876],[103.055598,4.116585],[103.055783,4.11636],[103.056276,4.115637],[103.056485,4.115522],[103.056747,4.115551],[103.057128,4.115771],[103.057489,4.116038],[103.057831,4.116314],[103.058117,4.116521],[103.058325,4.116652],[103.058805,4.116765],[103.059303,4.116781],[103.059637,4.116808],[103.060026,4.116776],[103.060569,4.116629],[103.060876,4.116563],[103.061378,4.116537],[103.061824,4.116571],[103.06224,4.116564],[103.062645,4.116487],[103.063051,4.116351],[103.06341,4.116098],[103.063605,4.115904],[103.063925,4.115459],[103.064193,4.115173],[103.064494,4.114898],[103.064651,4.114732],[103.064939,4.114427],[103.065053,4.114129],[103.065059,4.113542],[103.065326,4.112992],[103.065722,4.112517],[103.065906,4.112337],[103.066039,4.112216],[103.066473,4.112049],[103.066808,4.112005],[103.067128,4.112061],[103.067479,4.112164],[103.067863,4.112361],[103.068146,4.112529],[103.068556,4.112836],[103.068985,4.113188],[103.069232,4.113329],[103.069449,4.113443],[103.070068,4.113575],[103.070414,4.113605],[103.071112,4.113543],[103.071377,4.113304],[103.071489,4.112881],[103.071554,4.112291],[103.071687,4.112055],[103.072108,4.111679],[103.072493,4.111214],[103.072516,4.111062],[103.072471,4.110443],[103.072454,4.109889],[103.072483,4.109308],[103.072765,4.108956],[103.07311,4.108596],[103.073462,4.108115],[103.073663,4.107783],[103.073801,4.1071],[103.073815,4.106479],[103.073638,4.105837],[103.073424,4.105387],[103.073145,4.104888],[103.073023,4.104549],[103.073062,4.104074],[103.073137,4.103716],[103.073334,4.102525],[103.073504,4.101656],[103.073674,4.100801],[103.073844,4.100003],[103.073951,4.099422],[103.074077,4.098834],[103.074086,4.098519],[103.073943,4.098029],[103.073841,4.09758],[103.073723,4.097147],[103.073615,4.096737],[103.073498,4.096369],[103.073849,4.095976],[103.074208,4.09559],[103.074573,4.095214],[103.075088,4.094643],[103.075458,4.094249],[103.075969,4.093893],[103.076547,4.09367],[103.077005,4.093588],[103.077295,4.093634],[103.07775,4.093899],[103.077951,4.094106],[103.078115,4.094355],[103.078469,4.094603],[103.07896,4.09473],[103.079384,4.094859],[103.080128,4.095639],[103.080541,4.095937],[103.080917,4.096064],[103.08151,4.096081],[103.082174,4.095943],[103.082801,4.095553],[103.083111,4.095368],[103.083444,4.09524],[103.083852,4.095146],[103.084279,4.09519],[103.084678,4.095384],[103.085108,4.095531],[103.08547,4.095575],[103.085896,4.095365],[103.086378,4.095076],[103.087014,4.094981],[103.087718,4.094877],[103.088153,4.094331],[103.089322,4.092854],[103.090772,4.091486],[103.091896,4.090457],[103.092472,4.089901],[103.092904,4.089643],[103.093884,4.089335],[103.095735,4.088764],[103.097123,4.088399],[103.097895,4.088196],[103.098317,4.088108],[103.098672,4.088126],[103.099113,4.088348],[103.099316,4.088556],[103.099626,4.088899],[103.099889,4.089319],[103.100053,4.089564],[103.100429,4.089959],[103.1008,4.090272],[103.101151,4.09059],[103.101451,4.090896],[103.101795,4.091375],[103.10194,4.091641],[103.102188,4.091976],[103.102438,4.092186],[103.102615,4.092114],[103.103152,4.09152],[103.103613,4.090851],[103.104037,4.089943],[103.104467,4.089314],[103.104997,4.088691],[103.105447,4.088148],[103.106088,4.087489],[103.106461,4.087215],[103.10678,4.0871],[103.107292,4.087033],[103.107885,4.087032],[103.108498,4.08698],[103.109082,4.086674],[103.109751,4.08622],[103.110268,4.085697],[103.110734,4.08527],[103.111343,4.084957],[103.111908,4.084967],[103.11219,4.084986],[103.112498,4.084968],[103.113206,4.084701],[103.113668,4.084672],[103.11412,4.084742],[103.114651,4.085013],[103.115105,4.08517],[103.115482,4.085274],[103.116013,4.08533],[103.11646,4.085292],[103.116841,4.085096],[103.116966,4.084965],[103.117308,4.084835],[103.117626,4.084734],[103.117769,4.084531],[103.117774,4.084282],[103.117739,4.083863],[103.117764,4.083566],[103.118046,4.083007],[103.118348,4.082996],[103.118534,4.082923],[103.119252,4.082344],[103.119365,4.082264],[103.119413,4.082072],[103.119169,4.081664],[103.118723,4.081567],[103.118637,4.081345],[103.118874,4.080947],[103.119184,4.080598],[103.119308,4.080486],[103.119642,4.080211],[103.120014,4.08019],[103.120435,4.080393],[103.120418,4.080558],[103.120642,4.080806],[103.12168,4.081059],[103.121858,4.080804],[103.122097,4.080099],[103.122114,4.079719],[103.122062,4.079485],[103.122269,4.079229],[103.122598,4.078804],[103.123004,4.078535],[103.12318,4.078445],[103.123608,4.077814],[103.123796,4.077298],[103.123488,4.076908],[103.122941,4.075978],[103.122602,4.075797],[103.122047,4.075579],[103.121747,4.074883],[103.121766,4.074601],[103.122292,4.07369],[103.122518,4.073158],[103.122576,4.072327],[103.122429,4.071963],[103.122083,4.071562],[103.121716,4.071137],[103.121797,4.070974],[103.122223,4.070726],[103.122716,4.070631],[103.12309,4.0704],[103.123529,4.07049],[103.124605,4.070353],[103.125475,4.070883],[103.126395,4.071076],[103.126626,4.071069],[103.126958,4.071005],[103.127383,4.070792],[103.127942,4.070374],[103.128873,4.069973],[103.129253,4.069903],[103.129319,4.069671],[103.12924,4.068169],[103.129323,4.067981],[103.12976,4.06767],[103.129995,4.067348],[103.130966,4.06688],[103.131033,4.06673],[103.131068,4.066544],[103.130924,4.065933],[103.131315,4.064],[103.132757,4.062407],[103.132886,4.061616],[103.132861,4.061125],[103.132589,4.059912],[103.132685,4.059579],[103.132756,4.059292],[103.1327,4.058791],[103.132567,4.058454],[103.132299,4.058219],[103.131636,4.058071],[103.13144,4.057627],[103.131711,4.056563],[103.131934,4.05606],[103.132205,4.05575],[103.132217,4.055399],[103.132359,4.055198],[103.13249,4.054993],[103.132997,4.054815],[103.134172,4.054573],[103.134332,4.054413],[103.134591,4.053925],[103.134596,4.053128],[103.134385,4.052704],[103.134288,4.051922],[103.134454,4.051196],[103.134534,4.051149],[103.135212,4.051297],[103.135755,4.051229],[103.13607,4.051318],[103.136626,4.051559],[103.136774,4.051959],[103.136687,4.053082],[103.137031,4.05364],[103.137187,4.054278],[103.137445,4.054586],[103.138749,4.055535],[103.138923,4.05555],[103.139773,4.055244],[103.140296,4.054308],[103.140804,4.054061],[103.141706,4.053864],[103.142537,4.053872],[103.142675,4.053714],[103.142618,4.053233],[103.142817,4.052702],[103.142783,4.05235],[103.142733,4.051632],[103.14281,4.051358],[103.142796,4.051183],[103.142781,4.050474],[103.143086,4.049578],[103.143377,4.049249],[103.143578,4.049162],[103.143928,4.049173],[103.144106,4.049625],[103.144673,4.049737],[103.145395,4.049896],[103.146442,4.04991],[103.146967,4.049979],[103.147091,4.049902],[103.14698,4.049625],[103.146951,4.049321],[103.147144,4.048426],[103.147301,4.048104],[103.147516,4.047918],[103.147984,4.047352],[103.148441,4.046912],[103.149024,4.046726],[103.149699,4.046527],[103.15081,4.046488],[103.151314,4.046371],[103.151761,4.046461],[103.152152,4.046943],[103.152462,4.047149],[103.152852,4.04747],[103.153494,4.047629],[103.154237,4.047011],[103.154832,4.04676],[103.156283,4.046205],[103.156612,4.04501],[103.156965,4.044068],[103.157247,4.042755],[103.157783,4.04182],[103.158044,4.041094],[103.158867,4.040607],[103.159554,4.040477],[103.16032,4.039818],[103.160432,4.039127],[103.160396,4.038563],[103.160314,4.038033],[103.160723,4.036996],[103.16103,4.036212],[103.161647,4.035449],[103.161854,4.034884],[103.16193,4.034677],[103.162123,4.033881],[103.162658,4.03297],[103.163287,4.03261],[103.163904,4.032262],[103.164922,4.031625],[103.165316,4.031628],[103.165953,4.031632],[103.166993,4.030822],[103.167863,4.03068],[103.168309,4.030483],[103.169086,4.030042],[103.17039,4.029484],[103.171306,4.029423],[103.17181,4.029398],[103.172532,4.029349],[103.173254,4.029438],[103.173975,4.029343],[103.174035,4.02933],[103.174902,4.029143],[103.175337,4.029118],[103.175716,4.029289],[103.176106,4.029587],[103.176427,4.029816],[103.177127,4.030101],[103.178135,4.030097],[103.178822,4.030209],[103.179303,4.030161],[103.180058,4.029767],[103.180549,4.029327],[103.181202,4.029175],[103.181751,4.029184],[103.182497,4.029515],[103.183082,4.029846],[103.183667,4.030189],[103.184241,4.030452],[103.184664,4.030462],[103.185512,4.030516],[103.186725,4.030188],[103.187445,4.029529],[103.188016,4.028986],[103.188804,4.028246],[103.189501,4.027736],[103.190188,4.02763],[103.190328,4.027797],[103.190533,4.028043],[103.190696,4.028767],[103.190892,4.029492],[103.191021,4.030125],[103.191137,4.030711],[103.191254,4.03162],[103.191807,4.032608],[103.192267,4.033182],[103.193072,4.034192],[103.193556,4.035145],[103.19365,4.035951],[103.193974,4.036882],[103.194436,4.038227],[103.194519,4.039274],[103.19499,4.039549],[103.195391,4.039628],[103.196523,4.039105],[103.197003,4.038689],[103.197909,4.038996],[103.198883,4.039406],[103.199444,4.039277],[103.199912,4.038769],[103.200278,4.038364],[103.200792,4.03812],[103.201639,4.037806],[103.202176,4.037619],[103.202542,4.037422],[103.202737,4.037375],[103.203767,4.036991],[103.20398,4.035655],[103.203277,4.034368],[103.202756,4.032448],[103.202912,4.031008],[103.202654,4.028983],[103.202559,4.02782],[103.203265,4.026655],[103.203823,4.025651],[103.203797,4.024453],[103.203746,4.022946],[103.204386,4.022413],[103.205083,4.021858],[103.205126,4.021075],[103.205686,4.0206],[103.206142,4.020034],[103.206151,4.019009],[103.20632,4.018203],[103.206831,4.016934],[103.207184,4.016162],[103.207148,4.015678],[103.2071,4.014965],[103.20712,4.01409],[103.20761,4.013247],[103.208206,4.013199],[103.209019,4.013218],[103.20958,4.013239],[103.209957,4.012961],[103.210321,4.011992],[103.211145,4.011759],[103.211546,4.011769],[103.212084,4.011939],[103.212702,4.011395],[103.21301,4.011106],[103.213639,4.010977],[103.213938,4.01116],[103.21466,4.011526],[103.215142,4.011662],[103.216286,4.011323],[103.216503,4.011057],[103.217101,4.011699],[103.217321,4.012528],[103.217642,4.012872],[103.218101,4.013169],[103.21856,4.013317],[103.219226,4.013717],[103.220155,4.014162],[103.220843,4.014493],[103.221463,4.01487],[103.221835,4.015082],[103.222208,4.015294],[103.222702,4.015671],[103.222864,4.016177],[103.223301,4.016797],[103.223854,4.017578],[103.22445,4.018093],[103.224934,4.018874],[103.225005,4.019634],[103.225154,4.019702],[103.225828,4.019181],[103.226538,4.018821],[103.227201,4.018715],[103.228153,4.01893],[103.228841,4.019422],[103.229044,4.019568],[103.229381,4.019811],[103.230103,4.019854],[103.231109,4.019228],[103.2321,4.017705],[103.232981,4.01724],[103.233782,4.016995],[103.234239,4.016832],[103.23464,4.016761],[103.234995,4.016818],[103.235455,4.017426],[103.236213,4.01801],[103.236902,4.018537],[103.237556,4.018752],[103.237859,4.018842],[103.238094,4.018912],[103.239079,4.018792],[103.239696,4.018421],[103.240165,4.018155],[103.241069,4.017863],[103.241733,4.017803],[103.2425,4.017765],[103.243267,4.01767],[103.243679,4.017322],[103.244031,4.016481],[103.243181,4.015943],[103.242035,4.01551],[103.241506,4.014856],[103.241447,4.014338],[103.241754,4.013358],[103.241728,4.012495],[103.242046,4.011872],[103.241895,4.011032],[103.24165,4.009732],[103.241522,4.009088],[103.241336,4.008179],[103.241505,4.007085],[103.241845,4.006174],[103.242093,4.004918],[103.242206,4.004204],[103.242318,4.003363],[103.242841,4.002336],[103.243319,4.001436],[103.243834,4.001077],[103.244233,4.000684],[103.244438,4.000165],[103.244573,3.999589],[103.244801,3.999231],[103.244949,3.998942],[103.245428,3.998342],[103.245634,3.998157],[103.245976,3.997833],[103.246399,3.997417],[103.2469,3.996436],[103.246899,3.995918],[103.246587,3.995355],[103.246391,3.99493],[103.246322,3.994712],[103.246263,3.994263],[103.246319,3.993744],[103.246581,3.993375],[103.246924,3.993201],[103.24721,3.993108],[103.247318,3.992897],[103.24778,3.992624],[103.247769,3.992188],[103.247738,3.992018],[103.247744,3.991845],[103.247844,3.99156],[103.247855,3.991311],[103.247884,3.991045],[103.247876,3.990626],[103.247976,3.990417],[103.248177,3.990164],[103.248341,3.990052],[103.248636,3.99001],[103.248976,3.990062],[103.249601,3.989872],[103.249969,3.989826],[103.250347,3.989801],[103.25087,3.989996],[103.251121,3.990139],[103.251576,3.99025],[103.252274,3.990001],[103.252959,3.989135],[103.253174,3.988569],[103.253757,3.988061],[103.253928,3.987783],[103.254328,3.987425],[103.254636,3.987285],[103.255014,3.987088],[103.255425,3.986879],[103.255987,3.986379],[103.256275,3.985952],[103.256434,3.985762],[103.256784,3.985692],[103.258809,3.984977],[103.259163,3.984584],[103.259632,3.984329],[103.259952,3.984063],[103.260375,3.983865],[103.260603,3.983715],[103.260901,3.983587],[103.261107,3.983517],[103.261428,3.983446],[103.261634,3.98348],[103.262104,3.983651],[103.26271,3.983544],[103.263224,3.982978],[103.263497,3.982286],[103.264307,3.981465],[103.264969,3.98068],[103.265437,3.980263],[103.265517,3.980159],[103.265917,3.979801],[103.266477,3.979476],[103.2669,3.979048],[103.267392,3.978862],[103.268089,3.97856],[103.268558,3.978258],[103.268924,3.978096],[103.269289,3.97783],[103.26962,3.977494],[103.27057,3.977283],[103.270636,3.976454],[103.270692,3.97597],[103.270644,3.975395],[103.271079,3.975186],[103.271364,3.974885],[103.271454,3.974194],[103.271454,3.974159],[103.271483,3.972639],[103.271904,3.971866],[103.271995,3.971486],[103.272187,3.970737],[103.272414,3.97008],[103.272882,3.969686],[103.273556,3.968935],[103.274069,3.968323],[103.27441,3.967262],[103.274303,3.96633],[103.274233,3.965732],[103.274335,3.965259],[103.274493,3.964657],[103.274698,3.964291],[103.275109,3.963817],[103.27552,3.963412],[103.275656,3.962928],[103.275607,3.962157],[103.274839,3.961711],[103.274288,3.961483],[103.273533,3.961509],[103.272948,3.961391],[103.272363,3.961273],[103.272222,3.9612],[103.271457,3.960804],[103.270828,3.961026],[103.269953,3.961237],[103.269466,3.961354],[103.269361,3.961246],[103.268593,3.960459],[103.268637,3.959826],[103.268863,3.959065],[103.269078,3.958235],[103.269293,3.95721],[103.269441,3.956933],[103.26969,3.956276],[103.269846,3.956119],[103.269999,3.955963],[103.270136,3.955756],[103.269939,3.955031],[103.2691,3.954298],[103.268551,3.954346],[103.267703,3.9542],[103.266716,3.953617],[103.266337,3.953365],[103.266199,3.952963],[103.266174,3.952364],[103.266104,3.95187],[103.265919,3.951606],[103.265609,3.951158],[103.265413,3.950802],[103.26516,3.950342],[103.265147,3.950043],[103.265488,3.949109],[103.26582,3.949177],[103.266117,3.949061],[103.266427,3.949151],[103.267069,3.949344],[103.267986,3.949479],[103.268935,3.949233],[103.269392,3.948966],[103.269893,3.947847],[103.270041,3.947432],[103.27054,3.945899],[103.271325,3.944433],[103.271633,3.944052],[103.272273,3.943405],[103.272523,3.942874],[103.272728,3.942378],[103.272943,3.941721],[103.272483,3.941262],[103.272116,3.940781],[103.272393,3.94031],[103.272671,3.940048],[103.273248,3.939642],[103.273586,3.939458],[103.274192,3.939455],[103.274758,3.939745],[103.275354,3.939935],[103.276327,3.939911],[103.27737,3.940079],[103.27835,3.938659],[103.301117,3.898993],[103.301343,3.898036],[103.301453,3.896528],[103.301551,3.895019],[103.301455,3.893454],[103.310672,3.881206],[103.311386,3.88155],[103.311393,3.881645],[103.311916,3.881889],[103.312844,3.882684],[103.313539,3.883536],[103.313757,3.883667],[103.313777,3.883939],[103.313678,3.884373],[103.313566,3.884674],[103.31333,3.885349],[103.313108,3.886033],[103.313043,3.88623],[103.3131,3.886432],[103.31463,3.888659],[103.314415,3.889135],[103.315107,3.890207],[103.317088,3.892096],[103.317372,3.893007],[103.317475,3.893329],[103.31758,3.89365],[103.317031,3.895176],[103.316999,3.895277],[103.316851,3.896652],[103.316839,3.89851],[103.316712,3.899074],[103.316422,3.899365],[103.316073,3.899592],[103.315538,3.900026],[103.315231,3.900559],[103.314902,3.901405],[103.314633,3.902331],[103.314389,3.902778],[103.314071,3.903143],[103.313104,3.903667],[103.312241,3.904248],[103.311073,3.906666],[103.310735,3.906948],[103.310293,3.908213],[103.310108,3.908794],[103.309743,3.909946],[103.309442,3.910499],[103.309195,3.910951],[103.308907,3.91132],[103.308303,3.912248],[103.307595,3.913476],[103.306981,3.914513],[103.306523,3.915531],[103.305709,3.916347],[103.303881,3.918264],[103.303875,3.919421],[103.304151,3.920235],[103.304732,3.92108],[103.305873,3.921366],[103.306424,3.921847],[103.307081,3.922031],[103.30765,3.922608],[103.308217,3.922984],[103.309819,3.923826],[103.310611,3.924082],[103.310977,3.924146],[103.311656,3.924246],[103.312441,3.924354],[103.313334,3.924356],[103.313838,3.924565],[103.31458,3.925045],[103.314993,3.925241],[103.315561,3.925323],[103.315977,3.925338],[103.316789,3.925412],[103.31699,3.925607],[103.317662,3.926257],[103.317942,3.926527],[103.318247,3.926752],[103.31855,3.926963],[103.318896,3.927193],[103.319147,3.927369],[103.320757,3.928495],[103.321852,3.928765],[103.32226,3.928995],[103.322779,3.929288],[103.32305,3.929495],[103.323246,3.929645],[103.323558,3.929882],[103.324555,3.929495],[103.324979,3.929331],[103.325483,3.929135],[103.325553,3.929091],[103.325567,3.929115],[103.325692,3.929451],[103.325719,3.929496],[103.325745,3.929526],[103.325784,3.929549],[103.32583,3.929564],[103.325869,3.929573],[103.325913,3.929577],[103.326329,3.929588],[103.326979,3.929571],[103.327262,3.92956],[103.327288,3.929563],[103.327304,3.929575],[103.327323,3.929615],[103.327386,3.92994],[103.327403,3.93006],[103.327408,3.930179],[103.327426,3.930664],[103.327421,3.93091],[103.327419,3.930978],[103.3274,3.931215],[103.327376,3.931476],[103.327365,3.931519],[103.327352,3.931607],[103.327331,3.931698],[103.327301,3.931818],[103.327242,3.932003],[103.327191,3.932137],[103.327125,3.932313],[103.327087,3.932446],[103.327065,3.932598],[103.327057,3.93273],[103.327053,3.932837],[103.327057,3.932925],[103.327046,3.933545],[103.327043,3.93375],[103.327063,3.93385],[103.327065,3.933982],[103.327071,3.934225],[103.327071,3.93441],[103.327065,3.934968],[103.327083,3.935231],[103.327081,3.935332],[103.327073,3.935372],[103.327064,3.935412],[103.327012,3.935502],[103.326982,3.9356],[103.326977,3.935665],[103.326975,3.935729],[103.327014,3.935873],[103.327063,3.935959],[103.327148,3.936068],[103.327187,3.936125],[103.327213,3.936157],[103.327233,3.936193],[103.327284,3.936288],[103.327336,3.936382],[103.327361,3.936415],[103.327384,3.93644],[103.327977,3.936849],[103.328081,3.936941],[103.328379,3.937207],[103.328481,3.937304],[103.328734,3.937546],[103.328891,3.937815],[103.329222,3.938624],[103.329464,3.939234],[103.329747,3.940141],[103.330081,3.941104],[103.330447,3.942166],[103.330673,3.942691],[103.331069,3.943748],[103.331188,3.944185],[103.331639,3.94447],[103.332627,3.945228],[103.332658,3.945251],[103.33268,3.945278],[103.332702,3.945312],[103.332991,3.946812],[103.333001,3.946873],[103.334056,3.948369],[103.334076,3.948401],[103.334077,3.948435],[103.33408,3.948672],[103.334108,3.948726],[103.334154,3.94876],[103.334202,3.948763],[103.334235,3.948763],[103.334301,3.948749],[103.334386,3.948724],[103.334556,3.948667],[103.334631,3.948644],[103.334695,3.948624],[103.334785,3.948605],[103.334863,3.948591],[103.334934,3.948589],[103.334974,3.948593],[103.334986,3.949688],[103.33502,3.951674],[103.335007,3.951949],[103.335226,3.952537],[103.335337,3.952949],[103.33446,3.95382],[103.333933,3.955593],[103.333374,3.956773],[103.333519,3.957153],[103.333806,3.957138],[103.334115,3.957726],[103.334249,3.958496],[103.3344,3.959215],[103.334429,3.959664],[103.334415,3.960282],[103.334566,3.962218],[103.334504,3.962755],[103.334768,3.963082],[103.334797,3.963518],[103.334561,3.964161],[103.33473,3.964624],[103.334165,3.965674],[103.334097,3.966007],[103.333973,3.966607],[103.334308,3.967515],[103.333991,3.968737],[103.333513,3.969603],[103.333081,3.970537],[103.332408,3.971449],[103.331885,3.972591],[103.331385,3.973699],[103.33117,3.974644],[103.33163,3.975114],[103.331839,3.976103],[103.331637,3.977405],[103.331285,3.978362],[103.33122,3.979559],[103.332381,3.980798],[103.33313,3.98228],[103.332815,3.984008],[103.332132,3.9853],[103.332053,3.985658],[103.331298,3.986064],[103.330686,3.986101],[103.330073,3.986138],[103.329329,3.986245],[103.328906,3.986518],[103.328483,3.98679],[103.327776,3.987576],[103.327492,3.988256],[103.327265,3.989005],[103.327165,3.989789],[103.327114,3.990476],[103.32711,3.990537],[103.327112,3.991366],[103.32653,3.991921],[103.325708,3.992581],[103.325663,3.993007],[103.326055,3.993673],[103.326003,3.9954],[103.325743,3.996345],[103.325653,3.997048],[103.325543,3.998372],[103.325271,3.999076],[103.325273,3.999698],[103.325264,4.000642],[103.325288,4.00101],[103.325394,4.001792],[103.324973,4.002796],[103.324895,4.003464],[103.324703,4.004213],[103.324695,4.005192],[103.324698,4.006136],[103.324519,4.007495],[103.32434,4.008774],[103.324194,4.009649],[103.324056,4.010361],[103.324047,4.01041],[103.324084,4.011123],[103.324029,4.011849],[103.324044,4.013081],[103.324025,4.014117],[103.323972,4.015361],[103.323905,4.016109],[103.324493,4.017097],[103.324661,4.017457],[103.324719,4.017581],[103.324804,4.017763],[103.324772,4.018454],[103.324889,4.019098],[103.324914,4.020065],[103.325158,4.020962],[103.325309,4.021664],[103.325494,4.022331],[103.325624,4.023458],[103.325524,4.024449],[103.325367,4.025244],[103.325769,4.025864],[103.325932,4.0266],[103.326084,4.02752],[103.326156,4.028568],[103.326285,4.0295],[103.326666,4.030523],[103.327093,4.031499],[103.327634,4.03213],[103.328106,4.033003],[103.328132,4.033855],[103.327745,4.034605],[103.327277,4.035252],[103.327417,4.035861],[103.327958,4.03678],[103.327869,4.037713],[103.32777,4.03883],[103.32735,4.03988],[103.326986,4.040745],[103.326794,4.041494],[103.326649,4.042841],[103.32656,4.043694],[103.326312,4.044823],[103.326098,4.04609],[103.325918,4.047139],[103.325647,4.048314],[103.325444,4.049317],[103.325025,4.050562],[103.324523,4.051462],[103.323497,4.052756],[103.323087,4.053529],[103.322323,4.054637],[103.321884,4.055117],[103.321444,4.055597],[103.320817,4.056232],[103.320188,4.05673],[103.319583,4.057285],[103.319333,4.058058],[103.319084,4.058807],[103.318412,4.060042],[103.318574,4.060525],[103.318164,4.061378],[103.317816,4.062023],[103.317401,4.062544],[103.316726,4.062893],[103.31589,4.063011],[103.314882,4.062855],[103.313908,4.062617],[103.313563,4.06233],[103.312989,4.062034],[103.312028,4.062303],[103.311044,4.062756],[103.310128,4.062645],[103.309829,4.062381],[103.308844,4.06219],[103.307435,4.062138],[103.306325,4.062465],[103.306316,4.06319],[103.306205,4.064388],[103.306117,4.065413],[103.306085,4.066185],[103.305744,4.06705],[103.30547,4.067477],[103.305678,4.068063],[103.305567,4.068996],[103.305181,4.069743],[103.304799,4.070357],[103.304519,4.070951],[103.304453,4.071642],[103.304212,4.072382],[103.303171,4.074268],[103.302604,4.075304],[103.301719,4.07757],[103.301297,4.078485],[103.300678,4.080048],[103.300165,4.080784],[103.300043,4.081133],[103.300091,4.082894],[103.3001,4.084651],[103.30013,4.085097],[103.300428,4.085504],[103.300699,4.085943],[103.300795,4.086365],[103.300628,4.087039],[103.300619,4.087443],[103.300781,4.087654],[103.30102,4.087713],[103.301284,4.087651],[103.302041,4.087122],[103.302444,4.086855],[103.302934,4.086724],[103.304042,4.086677],[103.304605,4.086975],[103.304807,4.08714],[103.304894,4.087417],[103.304838,4.087738],[103.304602,4.088201],[103.304417,4.088636],[103.304391,4.089079],[103.304665,4.089835],[103.304922,4.090761],[103.305138,4.09138],[103.305867,4.092436],[103.306321,4.093251],[103.306505,4.093809],[103.306556,4.094423],[103.306441,4.095315],[103.306082,4.096359],[103.305705,4.096875],[103.30545,4.09742],[103.305377,4.097546],[103.305328,4.098093],[103.305498,4.099722],[103.305396,4.101063],[103.305409,4.101864],[103.305639,4.102888],[103.305826,4.103798],[103.305812,4.104407],[103.305796,4.105011],[103.305977,4.10557],[103.306319,4.106061],[103.307065,4.106647],[103.307322,4.106983],[103.307544,4.107606],[103.307588,4.108758],[103.307494,4.110016],[103.307328,4.110625],[103.307123,4.110977],[103.307111,4.111112],[103.306849,4.111525],[103.306586,4.112018],[103.306498,4.112387],[103.306501,4.112408],[103.306734,4.114334],[103.306912,4.11607],[103.30702,4.116644],[103.307268,4.117242],[103.307644,4.117746],[103.308038,4.118067],[103.308311,4.118262],[103.310719,4.119011],[103.311356,4.119279],[103.311999,4.11953],[103.312201,4.119739],[103.312635,4.119975],[103.314999,4.121261],[103.316851,4.122176],[103.317378,4.122304],[103.317647,4.122481],[103.319114,4.12295],[103.319454,4.123005],[103.319903,4.123245],[103.322011,4.124231],[103.3228,4.124671],[103.323443,4.125168],[103.323593,4.125222],[103.323785,4.125577],[103.324005,4.126262],[103.323944,4.126646],[103.323742,4.12796],[103.323742,4.128607],[103.323802,4.132921],[103.324336,4.134866],[103.324246,4.13686],[103.324246,4.137581],[103.324031,4.139275],[103.324114,4.14055],[103.324233,4.140972],[103.324382,4.141174],[103.324684,4.141321],[103.325111,4.141352],[103.325786,4.141362],[103.326544,4.141339],[103.328077,4.141358],[103.329704,4.141433],[103.329516,4.141965],[103.328743,4.143343],[103.327859,4.144722],[103.327414,4.146195],[103.327359,4.147562],[103.327658,4.148825],[103.327725,4.150003],[103.326718,4.151382],[103.326154,4.152696],[103.32597,4.153547],[103.325779,4.153812],[103.325225,4.153999],[103.324454,4.154558],[103.324085,4.15488],[103.32377,4.156131],[103.323743,4.156655],[103.323888,4.157128],[103.324474,4.157962],[103.324661,4.15836],[103.324922,4.158639],[103.325365,4.15931],[103.325627,4.159573],[103.326142,4.160037],[103.326794,4.160847],[103.328106,4.161623],[103.327663,4.162173],[103.326979,4.163252],[103.326537,4.164202],[103.325773,4.165387],[103.325332,4.165899],[103.325111,4.166222],[103.324491,4.167466],[103.32439,4.168184],[103.324272,4.168996],[103.324092,4.169303],[103.323825,4.169456],[103.322911,4.169519],[103.320532,4.169836],[103.320381,4.169965],[103.320334,4.170312],[103.320497,4.170762],[103.320806,4.171366],[103.320984,4.171935],[103.321014,4.172549],[103.320748,4.173118],[103.320769,4.173468],[103.320959,4.17389],[103.321103,4.174178],[103.321217,4.175145],[103.321158,4.176045],[103.321242,4.176492],[103.321532,4.176894],[103.321755,4.17725],[103.321882,4.177405],[103.322268,4.177948],[103.322443,4.178716],[103.322467,4.179322],[103.322236,4.17996],[103.320997,4.181328],[103.320665,4.181897],[103.320491,4.182222],[103.320336,4.182475],[103.318577,4.184342],[103.318133,4.184919],[103.317861,4.185489],[103.317707,4.186118],[103.317685,4.186688],[103.318139,4.188313],[103.318286,4.189117],[103.318262,4.190069],[103.317969,4.19192],[103.317935,4.192649],[103.318137,4.193262],[103.318288,4.19352],[103.318692,4.193874],[103.319139,4.194082],[103.319631,4.194193],[103.32069,4.194194],[103.321404,4.194032],[103.321874,4.193772],[103.322091,4.193433],[103.322545,4.192284],[103.322756,4.191466],[103.322898,4.190916],[103.323458,4.189999],[103.323719,4.189744],[103.324089,4.18952],[103.324999,4.189085],[103.32576,4.188831],[103.326491,4.188635],[103.327419,4.18874],[103.327759,4.188772],[103.328413,4.18849],[103.328912,4.188308],[103.329561,4.18825],[103.330262,4.188628],[103.331039,4.189156],[103.331984,4.189741],[103.332842,4.190015],[103.333229,4.189753],[103.333659,4.18911],[103.334116,4.188366],[103.334798,4.187368],[103.335264,4.186868],[103.33635,4.186228],[103.337366,4.18553],[103.338586,4.184809],[103.339182,4.184165],[103.34027,4.183188],[103.341366,4.18199],[103.342153,4.181293],[103.342781,4.180834],[103.343093,4.179769],[103.343478,4.178995],[103.343911,4.178067],[103.344588,4.177066],[103.358729,4.177111],[103.363902,4.177127],[103.372706,4.177239],[103.380718,4.177245],[103.399826,4.17758],[103.404374,4.178991],[103.405475,4.179555],[103.410506,4.181056],[103.412916,4.181094],[103.414207,4.181707],[103.419643,4.182496],[103.422305,4.182805],[103.425607,4.183256],[103.428325,4.183827],[103.429322,4.183959],[103.429537,4.183924],[103.42972,4.184081],[103.429867,4.183924],[103.430031,4.183948],[103.431156,4.184229],[103.43134,4.184223],[103.431584,4.184215],[103.434572,4.184838],[103.437143,4.185328],[103.437972,4.185486],[103.438802,4.185645],[103.439672,4.18581],[103.440701,4.186007],[103.441505,4.18616],[103.442603,4.186369],[103.444164,4.186677],[103.444447,4.186741],[103.444404,4.187024],[103.444364,4.187145],[103.444318,4.187332],[103.444237,4.187514],[103.444133,4.187939],[103.444079,4.188586],[103.444039,4.188865],[103.444087,4.18903],[103.443997,4.189063],[103.443995,4.189204],[103.443948,4.189346],[103.443875,4.18966],[103.443729,4.190178],[103.443519,4.190892],[103.443279,4.191708],[103.443053,4.192532],[103.442365,4.194918],[103.441708,4.197196],[103.441523,4.19792],[103.441255,4.198826],[103.441013,4.199749],[103.440834,4.200373],[103.440665,4.200916],[103.440595,4.201138],[103.440496,4.201542],[103.440343,4.202109],[103.44027,4.202491],[103.44019,4.202911],[103.440061,4.203406],[103.439981,4.203807],[103.439903,4.204321],[103.439828,4.204695],[103.439769,4.205067],[103.439705,4.205418],[103.439616,4.205875],[103.439554,4.206314],[103.439479,4.206819],[103.439415,4.2074],[103.439332,4.207932],[103.439275,4.208352],[103.439198,4.208622],[103.439114,4.209061],[103.43905,4.209414],[103.438967,4.209813],[103.438857,4.210318],[103.438801,4.210687],[103.438739,4.211102],[103.438688,4.211541],[103.438624,4.212009],[103.438557,4.212522],[103.4385,4.213071],[103.438465,4.213587],[103.438455,4.213978],[103.438422,4.214467],[103.438422,4.21489],[103.438414,4.215382],[103.438393,4.215954],[103.438406,4.216278],[103.43843,4.216588],[103.438514,4.216767],[103.438573,4.216861],[103.438688,4.216941],[103.438849,4.216968],[103.439013,4.216973],[103.439136,4.217],[103.43923,4.217056],[103.439289,4.217145],[103.439353,4.217262],[103.43942,4.217503],[103.439498,4.217658],[103.439613,4.217779],[103.439718,4.217867],[103.439852,4.217993],[103.439932,4.218124],[103.439943,4.218217],[103.439927,4.218314],[103.439836,4.218581],[103.439844,4.218755],[103.43986,4.218883],[103.439898,4.219081],[103.439959,4.21929],[103.440005,4.219611],[103.440093,4.220058],[103.440222,4.220603],[103.440351,4.221093],[103.440461,4.221478],[103.440598,4.221965],[103.440681,4.222192],[103.440734,4.222321],[103.440761,4.222387],[103.440818,4.222505],[103.44086,4.22265],[103.440885,4.222759],[103.440906,4.223008],[103.440954,4.223334],[103.440997,4.223677],[103.441035,4.224033],[103.44108,4.224354],[103.441115,4.224675],[103.441156,4.224947],[103.441182,4.225207],[103.441207,4.225402],[103.441244,4.225643],[103.441274,4.225918],[103.441316,4.226159],[103.441349,4.2264],[103.441389,4.226651],[103.441432,4.22694],[103.441467,4.227133],[103.441502,4.227398],[103.441528,4.227654],[103.441545,4.227866],[103.441601,4.228171],[103.441641,4.228446],[103.441671,4.228687],[103.441716,4.228973],[103.441759,4.229219],[103.441818,4.22957],[103.441858,4.229816],[103.441907,4.230145],[103.441979,4.230442],[103.442016,4.230613],[103.442106,4.230795],[103.442183,4.230979],[103.442318,4.231224],[103.442426,4.231471],[103.44259,4.231784],[103.442735,4.232028],[103.442927,4.23235],[103.443081,4.232604],[103.44324,4.232876],[103.443402,4.233159],[103.443591,4.233498],[103.443755,4.233768],[103.443938,4.234054],[103.444115,4.234342],[103.444333,4.234701],[103.444499,4.234973],[103.444699,4.235302],[103.444828,4.23556],[103.444941,4.235796],[103.445085,4.236098],[103.445203,4.236334],[103.445364,4.236623],[103.445455,4.236783],[103.445571,4.236988],[103.445714,4.237249],[103.445858,4.237501],[103.44598,4.237693],[103.446158,4.237949],[103.446253,4.238091],[103.446316,4.238177],[103.446386,4.238289],[103.44642,4.238336],[103.446442,4.238349],[103.446464,4.238349],[103.446511,4.238325],[103.446554,4.2383],[103.446587,4.238287],[103.4466,4.238283],[103.446613,4.23828],[103.446624,4.238285],[103.446642,4.238295],[103.446658,4.238316],[103.446674,4.238339],[103.446681,4.238364],[103.446681,4.238393],[103.448877,4.238981],[103.451325,4.239717],[103.451352,4.239631],[103.45143,4.239536],[103.451508,4.239479],[103.451642,4.239424],[103.451856,4.239322],[103.452051,4.239221],[103.452217,4.23911],[103.452304,4.239008],[103.452359,4.238877],[103.452405,4.238738],[103.452449,4.238489],[103.452478,4.238287],[103.452503,4.238049],[103.452517,4.237826],[103.452517,4.237522],[103.452531,4.237351],[103.452563,4.237185],[103.452635,4.237006],[103.452732,4.236824],[103.452786,4.236629],[103.452806,4.236464],[103.452803,4.236369],[103.45276,4.23628],[103.452694,4.236191],[103.452627,4.236104],[103.452602,4.236052],[103.452592,4.235989],[103.452602,4.235965],[103.452618,4.235949],[103.452649,4.235944],[103.452692,4.235963],[103.452748,4.236024],[103.452811,4.236096],[103.452949,4.236197],[103.453097,4.236268],[103.45326,4.236325],[103.45337,4.23634],[103.453537,4.236317],[103.453732,4.23625],[103.453893,4.236169],[103.454025,4.236107],[103.454158,4.236054],[103.454304,4.236021],[103.454463,4.236003],[103.454603,4.236011],[103.454744,4.236047],[103.454831,4.236084],[103.454955,4.236111],[103.455119,4.236114],[103.455356,4.23611],[103.455631,4.236104],[103.455964,4.236078],[103.456278,4.236038],[103.456629,4.236027],[103.456774,4.23608],[103.456913,4.236169],[103.457061,4.236305],[103.45712,4.236431],[103.457075,4.236617],[103.457024,4.236812],[103.457037,4.237041],[103.457049,4.23711],[103.457198,4.237368],[103.457367,4.237574],[103.457559,4.237691],[103.457804,4.237767],[103.458082,4.237901],[103.458485,4.237911],[103.458786,4.238004],[103.459192,4.237942],[103.459517,4.238116],[103.459742,4.238177],[103.460042,4.238516],[103.460076,4.238736],[103.460253,4.238865],[103.460433,4.238916],[103.460814,4.238921],[103.460873,4.238959],[103.460913,4.239004],[103.460926,4.239071],[103.460864,4.239207],[103.460763,4.239346],[103.460642,4.239488],[103.460459,4.239748],[103.460264,4.24009],[103.460089,4.240427],[103.459955,4.240697],[103.45984,4.241029],[103.459797,4.241395],[103.459789,4.241837],[103.459746,4.242527],[103.459706,4.243024],[103.459679,4.243447],[103.459692,4.243829],[103.459707,4.243943],[103.459712,4.244022],[103.459746,4.244255],[103.459805,4.244659],[103.459872,4.245103],[103.459931,4.245509],[103.459912,4.245777],[103.459888,4.245973],[103.459788,4.246223],[103.459766,4.246289],[103.459743,4.246369],[103.459691,4.246597],[103.459664,4.246748],[103.459661,4.246883],[103.459668,4.247007],[103.459659,4.247117],[103.459625,4.247283],[103.45962,4.247518],[103.459627,4.247743],[103.459628,4.247982],[103.459613,4.248151],[103.459602,4.248303],[103.459578,4.248484],[103.459581,4.248649],[103.459608,4.248849],[103.459643,4.248993],[103.459707,4.249098],[103.45979,4.249155],[103.4599,4.2492],[103.460049,4.249187],[103.460182,4.249172],[103.46025,4.249193],[103.460285,4.249249],[103.460302,4.249338],[103.460286,4.249449],[103.460278,4.249551],[103.460304,4.249665],[103.460371,4.24979],[103.460438,4.249899],[103.460482,4.250031],[103.460497,4.250151],[103.460518,4.250272],[103.460524,4.250331],[103.460531,4.250399],[103.460547,4.250613],[103.460563,4.250821],[103.460592,4.251064],[103.460615,4.251319],[103.460649,4.251588],[103.46067,4.251834],[103.460689,4.252089],[103.460714,4.252329],[103.460726,4.252602],[103.460752,4.25279],[103.460785,4.253012],[103.460809,4.253182],[103.46083,4.253359],[103.460855,4.253571],[103.460872,4.253808],[103.460893,4.254129],[103.460893,4.254179],[103.460894,4.254226],[103.460972,4.254412],[103.461009,4.254545],[103.461028,4.254574],[103.461064,4.25459],[103.461166,4.254586],[103.461303,4.254572],[103.461311,4.254625],[103.461315,4.254676],[103.461321,4.254753],[103.461202,4.254772],[103.461202,4.254803],[103.46122,4.254848],[103.461277,4.254938],[103.461382,4.255054],[103.461511,4.255185],[103.461662,4.255343],[103.461758,4.255457],[103.461915,4.255609],[103.462138,4.255801],[103.462369,4.255971],[103.462564,4.25611],[103.462786,4.256249],[103.462989,4.256364],[103.463262,4.256511],[103.463485,4.256621],[103.463758,4.256764],[103.464038,4.256885],[103.464296,4.256988],[103.464485,4.25704],[103.464579,4.257062],[103.464619,4.257062],[103.46464,4.257038],[103.464654,4.25697],[103.464687,4.256885],[103.464726,4.256838],[103.464809,4.256806],[103.464906,4.256802],[103.46501,4.25681],[103.465102,4.256828],[103.465207,4.256865],[103.465244,4.2569],[103.465258,4.256963],[103.465271,4.25711],[103.465279,4.257233],[103.465291,4.257268],[103.465324,4.257287],[103.465444,4.257288],[103.465663,4.257288],[103.465906,4.257287],[103.466067,4.25728],[103.466062,4.257119],[103.465885,4.257119],[103.465886,4.256998],[103.466286,4.256995],[103.466736,4.256993],[103.467081,4.256992],[103.467443,4.256991],[103.467807,4.256988],[103.468301,4.256989],[103.46869,4.256988],[103.469142,4.256985],[103.46914,4.257118],[103.469876,4.257122],[103.469898,4.25711],[103.469907,4.257092],[103.469894,4.257073],[103.469863,4.257024],[103.469843,4.25698],[103.469872,4.256955],[103.469873,4.256937],[103.46994,4.256896],[103.469981,4.256897],[103.470023,4.256897],[103.470103,4.256855],[103.470091,4.256824],[103.470107,4.256793],[103.470109,4.256791],[103.470124,4.256767],[103.470167,4.256734],[103.470192,4.256721],[103.470216,4.25672],[103.470233,4.256733],[103.47025,4.25677],[103.470284,4.256824],[103.470324,4.256855],[103.470357,4.256871],[103.470394,4.256873],[103.470416,4.256861],[103.470432,4.256832],[103.470437,4.256791],[103.470413,4.256613],[103.470359,4.256374],[103.47031,4.256154],[103.47011,4.256187],[103.469917,4.255302],[103.469544,4.25356],[103.469161,4.251835],[103.468908,4.250515],[103.468888,4.25043],[103.469092,4.250395],[103.46912,4.250513],[103.469214,4.250502],[103.469327,4.250475],[103.469448,4.250462],[103.469611,4.250463],[103.469753,4.250466],[103.469783,4.250466],[103.469804,4.250466],[103.469917,4.250467],[103.470075,4.250471],[103.470189,4.250472],[103.470254,4.25046],[103.470286,4.25041],[103.470307,4.250372],[103.470349,4.250337],[103.470397,4.250329],[103.470463,4.250339],[103.470527,4.250369],[103.470602,4.250451],[103.470646,4.250516],[103.470711,4.250656],[103.470794,4.250939],[103.470848,4.251306],[103.470901,4.251584],[103.470976,4.251865],[103.47103,4.252084],[103.471092,4.252359],[103.471145,4.252616],[103.471199,4.252961],[103.471247,4.253261],[103.471298,4.253571],[103.471338,4.253884],[103.471406,4.254336],[103.47147,4.254791],[103.471553,4.255294],[103.471633,4.25573],[103.471706,4.256134],[103.471765,4.256457],[103.471837,4.256835],[103.471902,4.257097],[103.472014,4.257297],[103.472156,4.25749],[103.472352,4.257696],[103.472658,4.257899],[103.472899,4.258059],[103.473101,4.258225],[103.473176,4.258324],[103.473205,4.258434],[103.4732,4.258538],[103.473125,4.25864],[103.472929,4.258929],[103.472763,4.259191],[103.472511,4.259699],[103.472339,4.260186],[103.472253,4.26079],[103.472264,4.261178],[103.472194,4.261424],[103.472116,4.261612],[103.472012,4.261866],[103.47192,4.262227],[103.471776,4.263267],[103.471714,4.264011],[103.471699,4.264188],[103.471747,4.264747],[103.471894,4.265243],[103.47202,4.265433],[103.472177,4.265634],[103.472413,4.26579],[103.472586,4.265744],[103.472929,4.265683],[103.473259,4.265669],[103.473648,4.265779],[103.473989,4.265982],[103.474404,4.266346],[103.474609,4.266585],[103.474855,4.266945],[103.474975,4.26725],[103.475029,4.267582],[103.475077,4.26778],[103.475147,4.268023],[103.475198,4.268267],[103.475287,4.268539],[103.475351,4.268769],[103.47538,4.268999],[103.475362,4.269181],[103.475313,4.269508],[103.475262,4.269743],[103.475206,4.269861],[103.475099,4.269928],[103.474949,4.26997],[103.474876,4.270045],[103.474831,4.270176],[103.474793,4.270409],[103.474774,4.270781],[103.474764,4.271375],[103.474774,4.271829],[103.474836,4.272305],[103.474892,4.272709],[103.474959,4.273006],[103.475051,4.273314],[103.475166,4.273536],[103.475249,4.273632],[103.475324,4.273664],[103.475466,4.273662],[103.475743,4.273624],[103.476097,4.273611],[103.476472,4.273662],[103.476864,4.273809],[103.477194,4.273977],[103.477384,4.274111],[103.477521,4.274199],[103.477658,4.274237],[103.477875,4.274242],[103.478186,4.274223],[103.478449,4.27425],[103.478599,4.274298],[103.478677,4.274389],[103.478707,4.274475],[103.478696,4.274582],[103.478639,4.274697],[103.47846,4.27494],[103.478379,4.275098],[103.478363,4.275218],[103.478398,4.275373],[103.478444,4.275585],[103.478438,4.275734],[103.478374,4.275855],[103.478221,4.275962],[103.478098,4.275981],[103.477945,4.275932],[103.477781,4.275972],[103.477679,4.276071],[103.477591,4.276328],[103.477502,4.276633],[103.477424,4.276978],[103.477341,4.277379],[103.47725,4.277644],[103.477121,4.277896],[103.476974,4.278243],[103.476853,4.278628],[103.476746,4.279067],[103.476695,4.279423],[103.476673,4.279717],[103.4767,4.280035],[103.476789,4.280182],[103.476826,4.280311],[103.476824,4.280445],[103.476778,4.280619],[103.476705,4.280942],[103.476687,4.281258],[103.476671,4.281632],[103.476708,4.282063],[103.476759,4.282582],[103.476805,4.283036],[103.476912,4.283555],[103.47704,4.284029],[103.47729,4.284786],[103.477427,4.285171],[103.477596,4.285484],[103.477789,4.285805],[103.478041,4.286086],[103.478342,4.286318],[103.478666,4.286516],[103.478964,4.286647],[103.479339,4.286768],[103.479608,4.28684],[103.47979,4.28684],[103.47994,4.286778],[103.480042,4.286658],[103.480093,4.286519],[103.480074,4.286238],[103.480066,4.286043],[103.480104,4.285877],[103.480217,4.285762],[103.480359,4.285703],[103.480514,4.285741],[103.481147,4.286104],[103.481397,4.286278],[103.481523,4.286431],[103.481595,4.28653],[103.481662,4.286596],[103.48177,4.286655],[103.481839,4.286701],[103.481962,4.286809],[103.481987,4.286835],[103.482035,4.286896],[103.482057,4.286987],[103.482062,4.287282],[103.482059,4.287747],[103.482043,4.288049],[103.482,4.288236],[103.482008,4.288319],[103.482067,4.288378],[103.482247,4.288453],[103.48248,4.288528],[103.482625,4.288552],[103.482762,4.288552],[103.483054,4.288445],[103.483333,4.288335],[103.48354,4.28834],[103.483744,4.288426],[103.483771,4.288506],[103.483829,4.288651],[103.483813,4.288907],[103.483776,4.289293],[103.483711,4.289771],[103.483658,4.290199],[103.483636,4.29055],[103.48365,4.290889],[103.483682,4.291103],[103.483776,4.291299],[103.484065,4.291759],[103.484307,4.292157],[103.484623,4.292732],[103.484755,4.292954],[103.484886,4.293112],[103.485028,4.293219],[103.485216,4.293315],[103.485517,4.293454],[103.485793,4.293599],[103.486075,4.293797],[103.486268,4.294005],[103.48648,4.294286],[103.486825,4.294867],[103.486994,4.295343],[103.487096,4.295666],[103.487174,4.296025],[103.487228,4.29637],[103.487204,4.296573],[103.487137,4.296782],[103.487107,4.296889],[103.48711,4.297017],[103.487212,4.297175],[103.487343,4.297314],[103.487442,4.297466],[103.487523,4.297691],[103.487517,4.297811],[103.487456,4.297876],[103.48733,4.297881],[103.487177,4.297884],[103.48707,4.29791],[103.487043,4.297932],[103.487037,4.297972],[103.487096,4.298042],[103.487539,4.298349],[103.48788,4.298662],[103.487963,4.298801],[103.487998,4.298967],[103.488,4.299258],[103.487952,4.29951],[103.487845,4.299708],[103.487721,4.299882],[103.487668,4.300045],[103.487619,4.300296],[103.487625,4.300513],[103.487652,4.300676],[103.487724,4.300826],[103.487947,4.301056],[103.488097,4.301246],[103.488132,4.301371],[103.488134,4.301462],[103.488089,4.301519],[103.487931,4.301602],[103.487788,4.301615],[103.487721,4.301626],[103.487684,4.301658],[103.4877,4.301708],[103.487815,4.301826],[103.487842,4.30189],[103.487831,4.301936],[103.487748,4.301952],[103.487552,4.301984],[103.487426,4.302043],[103.487389,4.302118],[103.487402,4.302227],[103.48755,4.302738],[103.487619,4.303024],[103.487614,4.303225],[103.487534,4.303383],[103.487169,4.303583],[103.487054,4.303682],[103.487005,4.303746],[103.487005,4.303811],[103.487062,4.303891],[103.487239,4.304033],[103.487421,4.304217],[103.487526,4.304405],[103.487585,4.304616],[103.487638,4.304993],[103.487646,4.305544],[103.487681,4.305843],[103.487735,4.306015],[103.487837,4.306159],[103.488228,4.306405],[103.488489,4.306587],[103.488698,4.306689],[103.488888,4.306801],[103.489022,4.306948],[103.489154,4.307232],[103.489285,4.30752],[103.489382,4.307705],[103.4895,4.307809],[103.489671,4.307866],[103.489899,4.307833],[103.490084,4.307881],[103.490264,4.308029],[103.490361,4.308213],[103.490414,4.308446],[103.490495,4.308695],[103.490653,4.309053],[103.490782,4.309329],[103.490927,4.309543],[103.491028,4.309756],[103.491117,4.310139],[103.491163,4.310396],[103.49123,4.3105],[103.491334,4.310556],[103.491434,4.310559],[103.491511,4.310596],[103.491517,4.310663],[103.491409,4.311121],[103.491372,4.311399],[103.491294,4.311645],[103.491211,4.311795],[103.49107,4.311896],[103.491007,4.311944],[103.490921,4.311989],[103.490901,4.312037],[103.490806,4.312311],[103.490759,4.312706],[103.490635,4.313135],[103.490507,4.313591],[103.490404,4.314001],[103.490272,4.314507],[103.490165,4.315181],[103.490138,4.315777],[103.490241,4.316163],[103.490457,4.316427],[103.490695,4.316506],[103.490908,4.31659],[103.491109,4.316708],[103.491278,4.316874],[103.491393,4.317093],[103.491477,4.317417],[103.49157,4.317791],[103.491627,4.318184],[103.491627,4.318283],[103.491602,4.31839],[103.491541,4.318449],[103.491444,4.318478],[103.491326,4.318569],[103.491216,4.318762],[103.491139,4.319029],[103.491125,4.319273],[103.491171,4.319465],[103.491283,4.319706],[103.491442,4.319995],[103.49167,4.32035],[103.491855,4.320605],[103.492026,4.320966],[103.49215,4.321332],[103.492214,4.321685],[103.49219,4.322038],[103.492163,4.322442],[103.49215,4.322736],[103.492176,4.322985],[103.492238,4.323341],[103.492262,4.323793],[103.492252,4.324175],[103.492222,4.324464],[103.492209,4.324673],[103.492222,4.324812],[103.492289,4.325012],[103.492316,4.325173],[103.492316,4.325505],[103.49226,4.325932],[103.492244,4.326248],[103.492198,4.326507],[103.492099,4.326721],[103.491911,4.32708],[103.491667,4.327513],[103.491525,4.327858],[103.491391,4.328243],[103.491332,4.328519],[103.491348,4.328735],[103.491452,4.328936],[103.491678,4.329155],[103.491822,4.329358],[103.491814,4.329458],[103.491771,4.32954],[103.49167,4.329607],[103.491605,4.329701],[103.491581,4.329829],[103.491602,4.329899],[103.49167,4.329963],[103.491718,4.330049],[103.491713,4.330113],[103.491683,4.330166],[103.491619,4.330185],[103.491498,4.330166],[103.491407,4.330164],[103.491369,4.330174],[103.491361,4.330222],[103.491415,4.330321],[103.491388,4.33041],[103.491291,4.330468],[103.491045,4.330511],[103.490795,4.330613],[103.490586,4.330752],[103.490243,4.331094],[103.489811,4.331645],[103.489626,4.331881],[103.48947,4.332135],[103.489301,4.332397],[103.489028,4.332742],[103.488371,4.33356],[103.488049,4.334018],[103.487847,4.334322],[103.487566,4.334697],[103.487257,4.335103],[103.486927,4.335542],[103.4866,4.336058],[103.486354,4.336478],[103.485903,4.337222],[103.485332,4.338115],[103.485018,4.338551],[103.484653,4.339131],[103.484401,4.33949],[103.484176,4.339864],[103.483969,4.340204],[103.483813,4.340407],[103.483631,4.340658],[103.483475,4.340894],[103.483315,4.341145],[103.483151,4.34134],[103.482939,4.341621],[103.482719,4.342012],[103.482346,4.342624],[103.482032,4.343127],[103.481654,4.343814],[103.481273,4.344467],[103.48108,4.344758],[103.480903,4.344994],[103.480659,4.345355],[103.480453,4.345678],[103.480318,4.345863],[103.480158,4.34601],[103.480018,4.346189],[103.479651,4.346783],[103.479334,4.347313],[103.478999,4.347885],[103.478674,4.348396],[103.478277,4.349056],[103.477958,4.349607],[103.477701,4.350046],[103.477448,4.350487],[103.477288,4.350848],[103.477161,4.351076],[103.477022,4.351255],[103.476896,4.35145],[103.476797,4.351645],[103.476751,4.351795],[103.476716,4.351878],[103.47669,4.352041],[103.476655,4.352121],[103.476569,4.352244],[103.476464,4.352357],[103.476378,4.352528],[103.476223,4.352892],[103.476099,4.353167],[103.475987,4.353378],[103.475676,4.353929],[103.475364,4.354502],[103.475067,4.35502],[103.474742,4.355561],[103.474388,4.356197],[103.474064,4.356804],[103.473653,4.357516],[103.473208,4.358305],[103.472792,4.359016],[103.47265,4.359262],[103.472508,4.359487],[103.472283,4.359896],[103.472036,4.360345],[103.471765,4.360797],[103.471427,4.361375],[103.471135,4.361912],[103.470832,4.362485],[103.470569,4.36294],[103.470263,4.363469],[103.469987,4.36399],[103.469735,4.364475],[103.469474,4.364935],[103.469212,4.365381],[103.468946,4.365831],[103.468536,4.366561],[103.468206,4.367176],[103.467937,4.367692],[103.467653,4.36824],[103.467425,4.368687],[103.467039,4.369473],[103.466851,4.36984],[103.466532,4.370487],[103.466226,4.37108],[103.465835,4.371848],[103.465475,4.372634],[103.465126,4.37329],[103.464754,4.374049],[103.46441,4.374736],[103.464038,4.375549],[103.463678,4.37632],[103.4633,4.377119],[103.462954,4.377766],[103.462651,4.378339],[103.462439,4.378767],[103.462305,4.379109],[103.46212,4.379638],[103.462107,4.379668],[103.4619,4.380061],[103.461712,4.380427],[103.461503,4.380863],[103.461355,4.381254],[103.461159,4.381676],[103.460939,4.382187],[103.46076,4.382521],[103.46047,4.383136],[103.460164,4.383867],[103.459711,4.384976],[103.459432,4.385576],[103.459024,4.386533],[103.458694,4.387303],[103.458359,4.388108],[103.458011,4.388993],[103.457799,4.389509],[103.45753,4.390218],[103.457206,4.391007],[103.4569,4.391793],[103.456651,4.392417],[103.456423,4.393026],[103.45623,4.393532],[103.455975,4.3942],[103.455816,4.39465],[103.455532,4.395409],[103.455344,4.395941],[103.455224,4.396401],[103.455154,4.396687],[103.455141,4.396856],[103.455178,4.397014],[103.455259,4.397188],[103.455393,4.397367],[103.455438,4.397479],[103.455449,4.397615],[103.455428,4.397805],[103.455433,4.39792],[103.45546,4.398035],[103.455452,4.398134],[103.45539,4.398351],[103.455318,4.398626],[103.455275,4.398907],[103.455275,4.399161],[103.455315,4.399367],[103.455385,4.399562],[103.455403,4.399699],[103.455387,4.399819],[103.455331,4.400049],[103.455269,4.400314],[103.455186,4.400621],[103.45513,4.400894],[103.455106,4.401188],[103.455124,4.401442],[103.455175,4.401747],[103.455267,4.401999],[103.455379,4.402215],[103.455538,4.402493],[103.455626,4.402694],[103.455688,4.4029],[103.455704,4.403127],[103.455682,4.403453],[103.455696,4.403758],[103.455707,4.403978],[103.455758,4.404189],[103.455814,4.404381],[103.455927,4.404577],[103.456012,4.404788],[103.456074,4.405117],[103.456085,4.405328],[103.456066,4.40562],[103.456015,4.405983],[103.455975,4.406261],[103.455889,4.406614],[103.455782,4.406973],[103.455642,4.407435],[103.45558,4.40774],[103.455567,4.407935],[103.455597,4.408131],[103.4558,4.408863],[103.455859,4.409142],[103.455854,4.409299],[103.455806,4.409481],[103.455758,4.409615],[103.455731,4.409746],[103.455733,4.40989],[103.455744,4.410054],[103.455731,4.410313],[103.455682,4.410642],[103.455666,4.410982],[103.455661,4.411174],[103.455677,4.4113],[103.455707,4.411417],[103.455717,4.411527],[103.455696,4.411663],[103.455664,4.411795],[103.455615,4.412049],[103.455575,4.412348],[103.45557,4.412554],[103.45561,4.412731],[103.455685,4.412939],[103.455846,4.413249],[103.456026,4.413559],[103.45631,4.41388],[103.456388,4.414035],[103.456466,4.414437],[103.456624,4.414525],[103.456806,4.414554],[103.456836,4.414685],[103.456833,4.414824],[103.456767,4.414897],[103.456758,4.415081],[103.45682,4.41509],[103.456938,4.415038],[103.457045,4.415057],[103.457146,4.415132],[103.457081,4.415189],[103.457107,4.415227],[103.457186,4.415226],[103.457159,4.415258],[103.457076,4.415294],[103.457112,4.41532],[103.456985,4.415358],[103.456821,4.415278],[103.45674,4.415295],[103.456746,4.41589],[103.456715,4.416076],[103.45672,4.416249],[103.456978,4.416721],[103.457176,4.416916],[103.457313,4.41702],[103.457547,4.417084],[103.457825,4.417263],[103.457906,4.417303],[103.458061,4.417451],[103.458271,4.417643],[103.458405,4.417833],[103.458434,4.417935],[103.458421,4.417975],[103.458383,4.417985],[103.458324,4.417969],[103.458214,4.417846],[103.458037,4.41767],[103.457879,4.417611],[103.457689,4.417656],[103.457522,4.417755],[103.457394,4.417908],[103.4573,4.418052],[103.457209,4.418255],[103.457136,4.418499],[103.457048,4.41883],[103.456948,4.419149],[103.45683,4.419507],[103.456704,4.419927],[103.456511,4.420472],[103.456326,4.421013],[103.456133,4.421596],[103.455961,4.422098],[103.455851,4.422486],[103.455749,4.422863],[103.45564,4.423326],[103.45554,4.423732],[103.455436,4.424056],[103.455267,4.424548],[103.455165,4.424874],[103.455084,4.425254],[103.455041,4.425631],[103.45502,4.42589],[103.455049,4.426051],[103.45513,4.42623],[103.455285,4.426457],[103.455374,4.426588],[103.455529,4.426714],[103.455693,4.42692],[103.45579,4.427158],[103.455833,4.427353],[103.455833,4.427562],[103.455776,4.427813],[103.455682,4.428172],[103.455548,4.42873],[103.455471,4.429281],[103.455417,4.429744],[103.455377,4.429979],[103.455326,4.430225],[103.455328,4.430461],[103.455358,4.430602],[103.455428,4.430715],[103.455422,4.430824],[103.455366,4.431014],[103.455275,4.431348],[103.455235,4.4316],[103.455229,4.431857],[103.455261,4.432089],[103.455344,4.432311],[103.455492,4.43252],[103.455637,4.432787],[103.455693,4.433028],[103.45572,4.433266],[103.455685,4.433485],[103.455613,4.43379],[103.455583,4.433872],[103.455532,4.434015],[103.455482,4.434211],[103.455471,4.434255],[103.455445,4.434438],[103.455441,4.434464],[103.455393,4.434819],[103.455336,4.435092],[103.455245,4.435378],[103.455108,4.435747],[103.454921,4.436229],[103.454677,4.436764],[103.454516,4.437106],[103.454347,4.437494],[103.454183,4.437879],[103.453942,4.438518],[103.453724,4.439074],[103.453518,4.43963],[103.453322,4.440157],[103.453156,4.440668],[103.453027,4.441018],[103.452914,4.441283],[103.452716,4.441708],[103.452456,4.442203],[103.452214,4.442724],[103.452024,4.443166],[103.451874,4.443561],[103.451785,4.443831],[103.451715,4.444123],[103.451589,4.444583],[103.451428,4.445107],[103.451219,4.445725],[103.451026,4.446305],[103.450836,4.44688],[103.450616,4.447557],[103.450444,4.448035],[103.450264,4.448546],[103.450077,4.449027],[103.449849,4.449632],[103.449639,4.450228],[103.449462,4.450763],[103.449323,4.451116],[103.449224,4.451439],[103.449084,4.451982],[103.448953,4.452431],[103.448808,4.452921],[103.448644,4.453488],[103.448419,4.454191],[103.44825,4.454739],[103.447394,4.457042],[103.446761,4.459218],[103.446348,4.461063],[103.446043,4.462785],[103.445721,4.464016],[103.445592,4.464625],[103.445469,4.465181],[103.445334,4.4657],[103.445227,4.466214],[103.445077,4.466941],[103.444991,4.467497],[103.444879,4.468717],[103.444814,4.46954],[103.444766,4.470856],[103.44476,4.471813],[103.444798,4.472524],[103.444868,4.473332],[103.444916,4.473926],[103.445007,4.47453],[103.445039,4.475177],[103.445029,4.475712],[103.445093,4.476691],[103.445179,4.477616],[103.44527,4.478306],[103.445348,4.478718],[103.445377,4.478937],[103.445385,4.479209],[103.445426,4.479538],[103.445466,4.479779],[103.445493,4.479969],[103.445562,4.480354],[103.445581,4.480512],[103.445587,4.480619],[103.445592,4.480744],[103.445603,4.481266],[103.445611,4.48172],[103.445627,4.482188],[103.445662,4.482515],[103.445707,4.483004],[103.44575,4.483325],[103.44578,4.483632],[103.445817,4.484119],[103.445882,4.48483],[103.445978,4.486461],[103.446053,4.487323],[103.446161,4.488162],[103.446268,4.488959],[103.446359,4.48959],[103.446509,4.490708],[103.446606,4.49136],[103.446633,4.491729],[103.446681,4.492055],[103.44674,4.49251],[103.446842,4.493093],[103.447051,4.493986],[103.44726,4.495339],[103.447325,4.495799],[103.447421,4.496221],[103.447496,4.496542],[103.447625,4.496981],[103.447722,4.497329],[103.447791,4.497644],[103.447829,4.497917],[103.447899,4.498371],[103.447968,4.499013],[103.448043,4.499789],[103.448151,4.500329],[103.448263,4.500885],[103.448339,4.501259],[103.448457,4.501778],[103.448553,4.502211],[103.448596,4.502553],[103.448607,4.502885],[103.448628,4.503233],[103.448709,4.503564],[103.448784,4.503732],[103.448894,4.504043],[103.448974,4.504294],[103.449055,4.504575],[103.449154,4.504901],[103.449481,4.506029],[103.449835,4.507046],[103.450146,4.50796],[103.450414,4.508666],[103.450956,4.510078],[103.451166,4.510591],[103.451412,4.511163],[103.451707,4.511736],[103.451895,4.51219],[103.452196,4.512864],[103.452378,4.513228],[103.452603,4.513607],[103.452774,4.513895],[103.452835,4.514002],[103.452944,4.514082],[103.453051,4.514131],[103.453236,4.514155],[103.453484,4.514155],[103.453746,4.514139],[103.454076,4.514139],[103.454239,4.514166],[103.454414,4.51419],[103.454698,4.514217],[103.454935,4.514234],[103.455036,4.514236],[103.455111,4.514225],[103.455159,4.514198],[103.455249,4.514131],[103.45531,4.514106],[103.455362,4.514095],[103.45538,4.514099],[103.45539,4.514106],[103.455402,4.514126],[103.455519,4.514632],[103.455725,4.514998],[103.456138,4.515375],[103.456417,4.515661],[103.456943,4.516174],[103.457359,4.516621],[103.45771,4.516912],[103.458118,4.517188],[103.458249,4.517303],[103.458341,4.517305],[103.458453,4.517268],[103.458619,4.517209],[103.458796,4.517156],[103.459016,4.517118],[103.459378,4.517091],[103.45958,4.517062],[103.459741,4.517003],[103.459867,4.516936],[103.460097,4.516816],[103.460229,4.516765],[103.460395,4.516717],[103.460561,4.516722],[103.460703,4.516784],[103.460864,4.516909],[103.461009,4.516984],[103.461165,4.517027],[103.461269,4.51703],[103.461422,4.517],[103.461715,4.51688],[103.461889,4.516821],[103.462034,4.516805],[103.462157,4.516816],[103.462323,4.516851],[103.46246,4.516864],[103.462578,4.516861],[103.462729,4.516869],[103.46289,4.516899],[103.463083,4.51695],[103.463464,4.517081],[103.463659,4.517142],[103.463812,4.517182],[103.464021,4.517214],[103.464437,4.517233],[103.464681,4.51723],[103.464923,4.517198],[103.465191,4.517148],[103.465413,4.517065],[103.465612,4.516966],[103.465786,4.516859],[103.465912,4.516762],[103.466033,4.516653],[103.46643,4.516262],[103.466599,4.516115],[103.466696,4.515987],[103.466757,4.515824],[103.466779,4.515706],[103.466757,4.515578],[103.466645,4.515351],[103.466586,4.515206],[103.466577,4.515089],[103.466618,4.514966],[103.466714,4.514875],[103.46683,4.514824],[103.467094,4.514784],[103.46731,4.514811],[103.467436,4.514867],[103.467532,4.514955],[103.467618,4.515075],[103.467683,4.515249],[103.467718,4.515426],[103.467774,4.515532],[103.467844,4.515626],[103.467999,4.515746],[103.468149,4.51584],[103.468273,4.515893],[103.468442,4.515928],[103.46871,4.516011],[103.468935,4.516121],[103.469115,4.516244],[103.469316,4.516431],[103.469429,4.516631],[103.469528,4.516851],[103.469595,4.517131],[103.4696,4.517343],[103.469571,4.517642],[103.469464,4.518276],[103.469418,4.518669],[103.46941,4.518837],[103.469445,4.518987],[103.469528,4.519091],[103.469646,4.519172],[103.46996,4.519332],[103.470089,4.519402],[103.470249,4.519495],[103.470389,4.519605],[103.47048,4.519733],[103.470539,4.519891],[103.470593,4.520014],[103.470684,4.520131],[103.470883,4.5203],[103.470974,4.520378],[103.471006,4.520452],[103.471038,4.520597],[103.471119,4.521305],[103.471143,4.52149],[103.471202,4.521658],[103.471274,4.521749],[103.471379,4.521813],[103.471628,4.521934],[103.471993,4.522132],[103.472124,4.52222],[103.472183,4.522279],[103.472218,4.522354],[103.47225,4.522485],[103.472283,4.522573],[103.472324,4.522614],[103.472366,4.522633],[103.472436,4.522624],[103.472578,4.522608],[103.472741,4.52261],[103.472883,4.522637],[103.473077,4.522749],[103.473195,4.522854],[103.473272,4.522944],[103.473353,4.523033],[103.473447,4.523099],[103.473549,4.52315],[103.47361,4.523217],[103.473648,4.5233],[103.473669,4.523431],[103.473664,4.523634],[103.473669,4.523787],[103.473707,4.523912],[103.473787,4.524009],[103.473892,4.524065],[103.4742,4.524145],[103.474466,4.524233],[103.474616,4.524316],[103.474697,4.52438],[103.474801,4.524509],[103.474828,4.524618],[103.47482,4.524771],[103.474817,4.525084],[103.474828,4.525223],[103.47485,4.5253],[103.474887,4.52538],[103.475002,4.525589],[103.475053,4.525752],[103.475091,4.525937],[103.475083,4.526067],[103.475053,4.52622],[103.475,4.526453],[103.474925,4.526712],[103.474882,4.526942],[103.474863,4.527228],[103.474817,4.527495],[103.474817,4.527705],[103.47492,4.527948],[103.475005,4.528032],[103.474852,4.528156],[103.474825,4.528367],[103.474428,4.529634],[103.473524,4.532482],[103.472843,4.534137],[103.472503,4.535108],[103.471896,4.53664],[103.471122,4.538788],[103.470807,4.539856],[103.470537,4.540822],[103.470437,4.542033],[103.470499,4.54257],[103.470668,4.54306],[103.470839,4.543293],[103.471261,4.543281],[103.472376,4.54328],[103.472504,4.543585],[103.472887,4.543703],[103.472803,4.544432],[103.472968,4.544927],[103.472582,4.545268],[103.472116,4.545778],[103.472059,4.546441],[103.470561,4.55032],[103.470512,4.550816],[103.470532,4.551279],[103.470809,4.551881],[103.470372,4.551675],[103.470099,4.552009],[103.469489,4.55308],[103.468827,4.554702],[103.468658,4.555442],[103.46828,4.555975],[103.467935,4.556747],[103.467859,4.557611],[103.46798,4.558184],[103.468289,4.558346],[103.468669,4.55855],[103.46868,4.558804],[103.468802,4.559186],[103.46896,4.559321],[103.468936,4.560101],[103.468836,4.560651],[103.468651,4.560742],[103.468553,4.561095],[103.46851,4.561732],[103.468629,4.562006],[103.468373,4.562179],[103.468356,4.562373],[103.467997,4.562551],[103.467895,4.562747],[103.467924,4.563001],[103.46809,4.563086],[103.468156,4.563392],[103.467832,4.563435],[103.468086,4.563645],[103.46765,4.563626],[103.467494,4.563809],[103.467165,4.564582],[103.467171,4.564939],[103.467303,4.565349],[103.466954,4.565602],[103.466913,4.565771],[103.466965,4.565904],[103.466883,4.566188],[103.466786,4.566314],[103.466832,4.566498],[103.466617,4.566544],[103.466527,4.566432],[103.466399,4.566531],[103.466296,4.566797],[103.466259,4.567142],[103.46634,4.567899],[103.466152,4.567965],[103.465641,4.568659],[103.464839,4.570573],[103.463594,4.572975],[103.463449,4.573441],[103.463457,4.573788],[103.463541,4.574193],[103.463624,4.574461],[103.463323,4.574464],[103.462648,4.575282],[103.461911,4.576681],[103.460406,4.579986],[103.46032,4.580671],[103.460455,4.581305],[103.460005,4.581203],[103.459691,4.581576],[103.459182,4.582814],[103.45926,4.583355],[103.459168,4.583677],[103.459013,4.58385],[103.458629,4.584564],[103.458228,4.585737],[103.4579,4.585988]]]}},{"type":"Feature","properties":{"zone":"agriculture","osm":"orchard"},"geometry":{"type":"Polygon","coordinates":[[[103.304004,3.937787],[103.302063,3.937955],[103.301106,3.938295],[103.300546,3.939143],[103.296461,3.95279],[103.295891,3.95658],[103.296227,3.957749],[103.296023,3.958724],[103.29638,3.961346],[103.295575,3.961163],[103.295585,3.965715],[103.296818,3.965857],[103.296156,3.969078],[103.297602,3.970612],[103.29584,3.970816],[103.29583,3.972756],[103.296339,3.975032],[103.297042,3.975967],[103.296909,3.976506],[103.29805,3.979351],[103.298967,3.981362],[103.299354,3.982531],[103.300031,3.982973],[103.300535,3.981754],[103.299619,3.981246],[103.300357,3.980362],[103.302476,3.981601],[103.301442,3.983105],[103.3016,3.983354],[103.30132,3.983842],[103.303418,3.985031],[103.304329,3.983664],[103.30546,3.982597],[103.307115,3.981408],[103.305231,3.980824],[103.306137,3.980138],[103.306789,3.980006],[103.308623,3.980189],[103.30901,3.979742],[103.308353,3.977938],[103.307156,3.976384],[103.305445,3.974921],[103.304936,3.974616],[103.304447,3.974555],[103.301498,3.975429],[103.303637,3.973148],[103.303617,3.9727],[103.302394,3.972263],[103.301911,3.972121],[103.301243,3.972198],[103.300398,3.972711],[103.29966,3.972325],[103.302603,3.969098],[103.300077,3.966787],[103.301956,3.964683],[103.304029,3.96634],[103.305053,3.966761],[103.305363,3.966385],[103.305791,3.966939],[103.306433,3.967041],[103.306616,3.966782],[103.306275,3.965867],[103.306402,3.964607],[103.306687,3.963733],[103.306779,3.962728],[103.307762,3.962489],[103.307543,3.963027],[103.306993,3.965547],[103.30739,3.966772],[103.30904,3.968824],[103.308684,3.969601],[103.30983,3.970851],[103.310145,3.971842],[103.310308,3.973188],[103.310756,3.973661],[103.311067,3.975403],[103.312065,3.975418],[103.312361,3.974997],[103.312254,3.973701],[103.312274,3.971862],[103.312264,3.970592],[103.312218,3.969566],[103.312386,3.968565],[103.313181,3.966878],[103.314332,3.966782],[103.315177,3.967254],[103.315477,3.966899],[103.314118,3.966243],[103.313766,3.965888],[103.31372,3.965542],[103.313766,3.965156],[103.313878,3.964287],[103.313634,3.962997],[103.312692,3.959633],[103.310823,3.957906],[103.310593,3.957373],[103.310492,3.956677],[103.309702,3.955808],[103.308098,3.953892],[103.307125,3.954436],[103.307726,3.954634],[103.30795,3.95434],[103.308185,3.95434],[103.308119,3.9547],[103.30877,3.955],[103.309565,3.955848],[103.308266,3.957947],[103.307253,3.958536],[103.307406,3.958866],[103.307808,3.958622],[103.308098,3.958876],[103.308139,3.959242],[103.308974,3.959095],[103.309224,3.959573],[103.309937,3.959085],[103.310044,3.958658],[103.310502,3.958622],[103.311526,3.959217],[103.311164,3.95975],[103.311719,3.960228],[103.312223,3.959923],[103.312585,3.960558],[103.312549,3.961102],[103.311933,3.96129],[103.311989,3.961635],[103.312228,3.96196],[103.311755,3.96228],[103.311296,3.96193],[103.310588,3.962036],[103.310593,3.962423],[103.310013,3.962499],[103.309631,3.961925],[103.308572,3.961971],[103.308103,3.960629],[103.307166,3.958846],[103.305307,3.955681],[103.305129,3.955803],[103.304869,3.95562],[103.304599,3.955859],[103.304686,3.956153],[103.304452,3.956341],[103.304243,3.956235],[103.304116,3.956402],[103.305262,3.957002],[103.305017,3.95815],[103.304482,3.958409],[103.303494,3.958201],[103.303189,3.957373],[103.303459,3.957129],[103.303382,3.956966],[103.303138,3.956992],[103.303067,3.956636],[103.304004,3.956255],[103.303515,3.955599],[103.305475,3.953771],[103.305985,3.954731],[103.3079,3.953791],[103.307507,3.953283],[103.306479,3.952927],[103.303459,3.951428],[103.302848,3.951073],[103.302583,3.950585],[103.301819,3.948456],[103.301936,3.948121],[103.302868,3.947694],[103.303128,3.947278],[103.303194,3.946795],[103.30244,3.94584],[103.301911,3.944539],[103.30078,3.945428],[103.300199,3.945448],[103.299512,3.945967],[103.298885,3.946221],[103.298549,3.946236],[103.298682,3.945748],[103.301427,3.943909],[103.301305,3.943569],[103.301457,3.943122],[103.304014,3.940378],[103.304202,3.940007],[103.304289,3.937792],[103.304004,3.937787]]]}},{"type":"Feature","properties":{"zone":"agriculture","osm":"orchard"},"geometry":{"type":"Polygon","coordinates":[[[103.298814,3.920518],[103.299787,3.924103],[103.299499,3.924477],[103.299981,3.929708],[103.301054,3.935247],[103.301508,3.936174],[103.302243,3.936376],[103.304304,3.936585],[103.304166,3.932881],[103.301849,3.931484],[103.30242,3.930955],[103.300938,3.929711],[103.302165,3.928532],[103.304059,3.929746],[103.304579,3.930528],[103.304823,3.929609],[103.305435,3.92904],[103.306494,3.926723],[103.307258,3.926185],[103.307324,3.925997],[103.306866,3.924549],[103.306484,3.923629],[103.304732,3.92108],[103.304151,3.920235],[103.303973,3.919778],[103.303891,3.919534],[103.303875,3.919421],[103.30383,3.919122],[103.303841,3.918711],[103.303881,3.918264],[103.301513,3.918899],[103.298814,3.920518]]]}},{"type":"Feature","properties":{"zone":"agriculture","osm":"orchard"},"geometry":{"type":"Polygon","coordinates":[[[103.30766,3.922674],[103.306774,3.923378],[103.307811,3.926166],[103.307502,3.926899],[103.30779,3.92723],[103.307235,3.927855],[103.307149,3.928372],[103.306933,3.928911],[103.306105,3.928573],[103.305932,3.929119],[103.305118,3.929946],[103.30488,3.931246],[103.306105,3.931699],[103.30699,3.933122],[103.306472,3.933596],[103.305363,3.932856],[103.304549,3.932784],[103.304585,3.936139],[103.305298,3.936535],[103.306025,3.93665],[103.306702,3.936247],[103.307041,3.936592],[103.309778,3.937174],[103.312608,3.938747],[103.315388,3.94178],[103.316065,3.941744],[103.316965,3.941076],[103.317678,3.941657],[103.317894,3.942261],[103.317563,3.942879],[103.317232,3.943777],[103.317794,3.94451],[103.319407,3.946694],[103.319724,3.946206],[103.320221,3.946177],[103.319853,3.945681],[103.318888,3.945595],[103.318319,3.944955],[103.318319,3.944488],[103.31927,3.94359],[103.320278,3.944237],[103.320444,3.94377],[103.320257,3.943281],[103.319212,3.943109],[103.3186,3.942599],[103.318197,3.941413],[103.319018,3.941032],[103.318917,3.940838],[103.316569,3.940264],[103.316555,3.939409],[103.317585,3.939308],[103.317758,3.938683],[103.318341,3.938539],[103.321344,3.938755],[103.321063,3.943274],[103.322403,3.943777],[103.322799,3.943231],[103.322986,3.942369],[103.32267,3.941341],[103.322633,3.940436],[103.323022,3.939236],[103.323325,3.93874],[103.323313,3.938189],[103.322005,3.936878],[103.322544,3.934475],[103.321281,3.932606],[103.322575,3.932219],[103.323777,3.93257],[103.324984,3.931386],[103.326094,3.930761],[103.32567,3.929649],[103.325483,3.929135],[103.324979,3.929331],[103.324555,3.929495],[103.323558,3.929882],[103.323246,3.929645],[103.32305,3.929495],[103.322779,3.929288],[103.32226,3.928995],[103.321852,3.928765],[103.320757,3.928495],[103.319147,3.927369],[103.318896,3.927193],[103.31855,3.926963],[103.318247,3.926752],[103.317991,3.926575],[103.317942,3.926527],[103.317662,3.926257],[103.31699,3.925607],[103.316789,3.925412],[103.315977,3.925338],[103.315561,3.925323],[103.314993,3.925241],[103.3149,3.925299],[103.311223,3.928185],[103.31048,3.929034],[103.308942,3.927926],[103.309884,3.926859],[103.309981,3.926539],[103.311773,3.924654],[103.31161,3.924395],[103.310047,3.924039],[103.308178,3.923125],[103.30766,3.922674]]]}},{"type":"Feature","properties":{"zone":"industrial","osm":"industrial","name":"Kilang Penapisan Minyak Kerteh"},"geometry":{"type":"Polygon","coordinates":[[[103.453633,4.578525],[103.454467,4.576717],[103.455271,4.573799],[103.457525,4.568344],[103.459409,4.563785],[103.465919,4.566219],[103.461325,4.576637],[103.459697,4.580796],[103.459678,4.580891],[103.454167,4.578734],[103.453633,4.578525]]]}},{"type":"Feature","properties":{"zone":"industrial","osm":"industrial","name":"Terminal Gas Pesisir Pantai"},"geometry":{"type":"Polygon","coordinates":[[[103.462745,4.554764],[103.466933,4.55387],[103.468423,4.553552],[103.467549,4.55612],[103.467118,4.557488],[103.467245,4.557794],[103.466243,4.558262],[103.465631,4.558782],[103.465429,4.55919],[103.465008,4.560342],[103.464555,4.561595],[103.464764,4.561926],[103.466776,4.562607],[103.467401,4.562859],[103.467212,4.563469],[103.467044,4.563398],[103.466064,4.565856],[103.465919,4.566219],[103.459409,4.563785],[103.459542,4.563425],[103.46066,4.560402],[103.462444,4.555551],[103.462745,4.554764]]]}},{"type":"Feature","properties":{"zone":"commercial","osm":"commercial","name":"Kompleks Operasi Petronas"},"geometry":{"type":"Polygon","coordinates":[[[103.442627,4.45209],[103.442796,4.451685],[103.44402,4.452223],[103.443712,4.452883],[103.443689,4.452977],[103.44378,4.453058],[103.443359,4.454057],[103.441564,4.453357],[103.441979,4.452257],[103.442114,4.452186],[103.442134,4.45213],[103.442089,4.452117],[103.441949,4.452211],[103.441939,4.451985],[103.44202,4.451845],[103.442142,4.451894],[103.442627,4.45209]]]}},{"type":"Feature","properties":{"zone":"industrial","osm":"industrial","name":"Terminal Minyak Mentah Terengganu"},"geometry":{"type":"Polygon","coordinates":[[[103.460139,4.559184],[103.461199,4.556156],[103.461831,4.55445],[103.459007,4.553587],[103.456505,4.556016],[103.454968,4.555201],[103.454481,4.555645],[103.451349,4.555377],[103.450793,4.556323],[103.449866,4.558757],[103.449481,4.559542],[103.458656,4.563069],[103.460139,4.559184]]]}},{"type":"Feature","properties":{"zone":"agriculture","osm":"orchard"},"geometry":{"type":"Polygon","coordinates":[[[103.39243,4.569656],[103.392505,4.569476],[103.394561,4.569401],[103.394695,4.569652],[103.39464,4.570238],[103.39243,4.569656]]]}},{"type":"Feature","properties":{"zone":"agriculture","osm":"orchard"},"geometry":{"type":"Polygon","coordinates":[[[103.392263,4.569221],[103.392342,4.568786],[103.392685,4.568459],[103.392778,4.567216],[103.394017,4.567191],[103.394264,4.569234],[103.393958,4.5693],[103.392593,4.569305],[103.392263,4.569221]]]}},{"type":"Feature","properties":{"zone":"development","osm":"brownfield"},"geometry":{"type":"Polygon","coordinates":[[[103.44155,4.489479],[103.442682,4.489469],[103.443295,4.491882],[103.443165,4.493339],[103.443332,4.494128],[103.443415,4.495287],[103.444046,4.496689],[103.444065,4.497208],[103.441736,4.497217],[103.441464,4.490543],[103.44155,4.489479]]]}},{"type":"Feature","properties":{"zone":"institutional","osm":"cemetery","name":"Tanah Perkuburan Pekan Kerteh"},"geometry":{"type":"Polygon","coordinates":[[[103.445407,4.519412],[103.445418,4.520239],[103.444213,4.520263],[103.443626,4.520356],[103.443462,4.519889],[103.44346,4.519452],[103.443985,4.519413],[103.445407,4.519412]]]}},{"type":"Feature","properties":{"zone":"industrial","osm":"landfill","name":"Tapak Pelupusan Sampah MPK"},"geometry":{"type":"Polygon","coordinates":[[[103.443473,4.522971],[103.443247,4.522613],[103.443065,4.522015],[103.443108,4.521191],[103.444015,4.520988],[103.444835,4.5211],[103.445125,4.521121],[103.445356,4.521683],[103.446391,4.522357],[103.446182,4.523383],[103.445635,4.523624],[103.445281,4.52356],[103.445039,4.523624],[103.444428,4.523308],[103.443923,4.52326],[103.443473,4.522971]]]}},{"type":"Feature","properties":{"zone":"industrial","osm":"industrial","name":"Stesen Induk NGV Kerteh"},"geometry":{"type":"Polygon","coordinates":[[[103.46303,4.55219],[103.462743,4.551071],[103.463951,4.55085],[103.464161,4.551981],[103.46303,4.55219]]]}},{"type":"Feature","properties":{"zone":"industrial","osm":"industrial","name":"BP Petronas Acetyl"},"geometry":{"type":"Polygon","coordinates":[[[103.438447,4.579121],[103.450824,4.584489],[103.450416,4.585484],[103.447689,4.591703],[103.436282,4.587917],[103.438447,4.579121]]]}},{"type":"Feature","properties":{"zone":"industrial","osm":"industrial","name":"Stesen Janaelektrik Sultan Ismail"},"geometry":{"type":"Polygon","coordinates":[[[103.447955,4.59314],[103.453949,4.595234],[103.451487,4.601418],[103.449326,4.600696],[103.449273,4.600701],[103.448406,4.600409],[103.447932,4.601612],[103.447896,4.601728],[103.446619,4.601319],[103.446281,4.602406],[103.446123,4.602917],[103.446088,4.603027],[103.444137,4.602387],[103.447955,4.59314]]]}},{"type":"Feature","properties":{"zone":"industrial","osm":"industrial","name":"Kilang Etilena & Polietilena Kerteh"},"geometry":{"type":"Polygon","coordinates":[[[103.453583,4.594908],[103.447842,4.59291],[103.451211,4.585261],[103.452601,4.582561],[103.45787,4.584901],[103.455336,4.590881],[103.455278,4.590996],[103.453583,4.594908]]]}},{"type":"Feature","properties":{"zone":"industrial","osm":"industrial","name":"Terminal Gas dan Cecair"},"geometry":{"type":"Polygon","coordinates":[[[103.455165,4.572315],[103.455927,4.570505],[103.456564,4.568806],[103.456324,4.568737],[103.455897,4.568568],[103.456717,4.566475],[103.457297,4.566707],[103.458656,4.563069],[103.449481,4.559542],[103.448822,4.559367],[103.44851,4.560276],[103.443352,4.558815],[103.441096,4.567519],[103.450134,4.570701],[103.455165,4.572315]]]}},{"type":"Feature","properties":{"zone":"residential","osm":"residential","name":"Perumahan Rantau Bukit"},"geometry":{"type":"Polygon","coordinates":[[[103.438468,4.472514],[103.438394,4.46863],[103.438415,4.467631],[103.438655,4.467461],[103.438581,4.465206],[103.438945,4.463946],[103.438705,4.463817],[103.43851,4.463539],[103.438485,4.463311],[103.438589,4.463096],[103.440414,4.463672],[103.440459,4.463689],[103.439982,4.465363],[103.44011,4.471677],[103.439082,4.471735],[103.439099,4.472478],[103.438468,4.472514]]]}},{"type":"Feature","properties":{"zone":"residential","osm":"residential","name":"Perumahan Rantau Paya"},"geometry":{"type":"Polygon","coordinates":[[[103.444547,4.447292],[103.445936,4.447867],[103.444125,4.452255],[103.44402,4.452223],[103.442796,4.451685],[103.442627,4.45209],[103.442142,4.451894],[103.442616,4.450456],[103.442958,4.449152],[103.443797,4.448984],[103.444547,4.447292]]]}},{"type":"Feature","properties":{"zone":"institutional","osm":"cemetery"},"geometry":{"type":"Polygon","coordinates":[[[103.451827,4.422445],[103.451846,4.421619],[103.45187,4.421609],[103.452393,4.421517],[103.452639,4.420991],[103.45286,4.421093],[103.452972,4.420858],[103.45328,4.421023],[103.453384,4.420825],[103.454138,4.421218],[103.453818,4.422367],[103.45329,4.422371],[103.453044,4.422289],[103.451827,4.422445]]]}},{"type":"Feature","properties":{"zone":"agriculture","osm":"plant_nursery"},"geometry":{"type":"Polygon","coordinates":[[[103.440356,4.476225],[103.440407,4.475945],[103.440772,4.475995],[103.440748,4.476292],[103.440356,4.476225]]]}},{"type":"Feature","properties":{"zone":"agriculture","osm":"orchard"},"geometry":{"type":"Polygon","coordinates":[[[103.394664,4.403543],[103.395627,4.403246],[103.395894,4.404496],[103.396014,4.407253],[103.394449,4.408328],[103.393195,4.407988],[103.392959,4.407366],[103.393186,4.406282],[103.392177,4.405075],[103.392865,4.404585],[103.39328,4.404736],[103.394901,4.404415],[103.394664,4.403543]]]}},{"type":"Feature","properties":{"zone":"agriculture","osm":"orchard"},"geometry":{"type":"Polygon","coordinates":[[[103.395561,4.402658],[103.39695,4.402738],[103.396799,4.403198],[103.395802,4.403403],[103.395561,4.402658]]]}},{"type":"Feature","properties":{"zone":"agriculture","osm":"orchard"},"geometry":{"type":"Polygon","coordinates":[[[103.328467,3.945736],[103.328644,3.945592],[103.330203,3.945511],[103.332598,3.945388],[103.332662,3.945956],[103.332818,3.946368],[103.333022,3.947058],[103.332308,3.946988],[103.331949,3.946887],[103.33138,3.946962],[103.330951,3.947021],[103.330087,3.946973],[103.329792,3.947096],[103.329503,3.947042],[103.328467,3.945736]]]}},{"type":"Feature","properties":{"zone":"agriculture","osm":"orchard"},"geometry":{"type":"Polygon","coordinates":[[[103.330733,3.954937],[103.331247,3.954182],[103.330436,3.953636],[103.330023,3.953312],[103.329442,3.952119],[103.327307,3.950851],[103.324204,3.951141],[103.3224,3.950885],[103.321954,3.950743],[103.322278,3.951107],[103.323305,3.951478],[103.323954,3.951202],[103.325171,3.951721],[103.32536,3.952449],[103.325671,3.952604],[103.325941,3.953089],[103.325982,3.953629],[103.325962,3.954242],[103.327671,3.954573],[103.32784,3.954944],[103.327151,3.956259],[103.327279,3.957196],[103.327705,3.957668],[103.327746,3.958619],[103.327888,3.958672],[103.32974,3.956407],[103.32951,3.954728],[103.329652,3.954559],[103.329895,3.954512],[103.330564,3.954937],[103.330733,3.954937]]]}},{"type":"Feature","properties":{"zone":"agriculture","osm":"orchard"},"geometry":{"type":"Polygon","coordinates":[[[103.32785,3.959238],[103.328526,3.958564],[103.329087,3.957889],[103.329736,3.956932],[103.33006,3.957276],[103.329763,3.957815],[103.329296,3.958314],[103.329296,3.958543],[103.329459,3.958699],[103.329682,3.958779],[103.329405,3.960034],[103.329127,3.960088],[103.328911,3.960013],[103.32881,3.959575],[103.328756,3.959366],[103.328526,3.959285],[103.328181,3.959285],[103.32785,3.959238]]]}},{"type":"Feature","properties":{"zone":"forest","osm":"forest"},"geometry":{"type":"Polygon","coordinates":[[[103.333521,3.956513],[103.33355,3.956285],[103.333634,3.956179],[103.333637,3.956132],[103.333685,3.956053],[103.333691,3.955971],[103.333724,3.955887],[103.333897,3.955768],[103.333973,3.955734],[103.334011,3.955507],[103.334086,3.955299],[103.334184,3.954895],[103.334314,3.954237],[103.334416,3.95385],[103.334508,3.953741],[103.33446,3.953669],[103.334362,3.953663],[103.334277,3.953701],[103.334174,3.95369],[103.334106,3.953704],[103.333996,3.953731],[103.333959,3.953715],[103.33391,3.953676],[103.333861,3.953661],[103.333796,3.953663],[103.333644,3.95367],[103.333443,3.953722],[103.333381,3.953726],[103.333263,3.953715],[103.33266,3.953684],[103.331985,3.953657],[103.331966,3.953645],[103.332099,3.953529],[103.332253,3.953369],[103.332433,3.953204],[103.332639,3.953029],[103.33281,3.9529],[103.333918,3.952853],[103.333985,3.952933],[103.334251,3.952928],[103.334803,3.952929],[103.334929,3.952826],[103.334951,3.952813],[103.334945,3.952769],[103.334916,3.952743],[103.334902,3.952685],[103.334938,3.952619],[103.335002,3.952598],[103.335026,3.952614],[103.335057,3.952695],[103.335122,3.952697],[103.335141,3.952652],[103.335103,3.952619],[103.335105,3.952577],[103.335157,3.952573],[103.335161,3.952558],[103.335132,3.952542],[103.335092,3.952516],[103.335097,3.952471],[103.335128,3.952438],[103.335166,3.952466],[103.335186,3.952456],[103.335177,3.952437],[103.335125,3.952374],[103.335119,3.952356],[103.335126,3.952313],[103.335104,3.952296],[103.335059,3.952325],[103.33504,3.952312],[103.335002,3.952209],[103.33501,3.952194],[103.335004,3.952185],[103.334986,3.952187],[103.33496,3.952159],[103.334957,3.952118],[103.334979,3.952095],[103.335038,3.952101],[103.33507,3.952052],[103.335058,3.952023],[103.335004,3.952002],[103.334975,3.952018],[103.334952,3.952011],[103.334919,3.951967],[103.334808,3.951933],[103.334793,3.951896],[103.334826,3.951808],[103.334873,3.951783],[103.334956,3.951826],[103.335003,3.951831],[103.334991,3.951758],[103.334936,3.951736],[103.33488,3.951709],[103.335042,3.95162],[103.336262,3.950951],[103.337028,3.950722],[103.337667,3.950549],[103.337856,3.950616],[103.338196,3.950792],[103.338535,3.951557],[103.338354,3.951913],[103.33826,3.952162],[103.338205,3.952558],[103.338159,3.952824],[103.338067,3.953824],[103.337965,3.954539],[103.337835,3.955235],[103.337802,3.956928],[103.337828,3.957528],[103.33775,3.957549],[103.337789,3.958489],[103.337574,3.959013],[103.337513,3.959299],[103.337472,3.959786],[103.337523,3.960268],[103.337523,3.960359],[103.337315,3.960679],[103.337054,3.961628],[103.337103,3.96188],[103.337082,3.962276],[103.337193,3.962684],[103.337174,3.962815],[103.337156,3.963642],[103.337177,3.963712],[103.337223,3.963779],[103.337279,3.963824],[103.337483,3.96391],[103.33742,3.963952],[103.337118,3.964],[103.337122,3.963881],[103.337007,3.963908],[103.336665,3.963943],[103.33673,3.965348],[103.337785,3.965434],[103.337585,3.967279],[103.337569,3.967576],[103.337547,3.967672],[103.337496,3.967757],[103.3374,3.967867],[103.337319,3.96799],[103.337274,3.968089],[103.337236,3.968226],[103.337174,3.96848],[103.33715,3.968641],[103.337187,3.968784],[103.337258,3.968924],[103.337413,3.969168],[103.337416,3.969221],[103.337116,3.969798],[103.336928,3.970152],[103.336893,3.970261],[103.336887,3.970415],[103.336965,3.970618],[103.337072,3.970792],[103.337317,3.971373],[103.337327,3.971439],[103.337282,3.971517],[103.33709,3.971631],[103.337041,3.971775],[103.337064,3.972066],[103.337261,3.972326],[103.337172,3.972318],[103.336942,3.972361],[103.336999,3.972287],[103.336986,3.972207],[103.336864,3.972195],[103.336799,3.972129],[103.33671,3.971862],[103.336666,3.971865],[103.336639,3.971839],[103.336667,3.97173],[103.336601,3.971705],[103.336513,3.971707],[103.336413,3.971612],[103.336376,3.971532],[103.33611,3.971358],[103.335488,3.971959],[103.334703,3.972238],[103.334627,3.972456],[103.334913,3.972638],[103.335086,3.972643],[103.335243,3.972706],[103.335369,3.972729],[103.335472,3.972703],[103.335462,3.97268],[103.335489,3.97265],[103.335535,3.97265],[103.335967,3.972799],[103.336108,3.972927],[103.336203,3.972918],[103.336303,3.973008],[103.336346,3.97299],[103.336394,3.973009],[103.336403,3.973057],[103.336419,3.973058],[103.336457,3.973005],[103.336506,3.973011],[103.336552,3.973061],[103.336624,3.973055],[103.33666,3.973144],[103.336692,3.973101],[103.33671,3.973097],[103.336744,3.973125],[103.336761,3.973114],[103.336763,3.973084],[103.336854,3.973046],[103.336836,3.972974],[103.336849,3.972941],[103.33689,3.972897],[103.336915,3.972837],[103.336967,3.972839],[103.336992,3.972823],[103.337013,3.972762],[103.33704,3.972717],[103.337117,3.972692],[103.337134,3.972732],[103.337074,3.973054],[103.33708,3.973267],[103.337212,3.973694],[103.337311,3.973909],[103.337432,3.974061],[103.337492,3.974114],[103.337496,3.974188],[103.337238,3.974439],[103.337223,3.974526],[103.33728,3.974624],[103.337487,3.974754],[103.337659,3.975027],[103.337549,3.975226],[103.337629,3.976147],[103.337684,3.976429],[103.337909,3.976609],[103.338092,3.976834],[103.338084,3.976946],[103.337974,3.977026],[103.337898,3.977107],[103.33788,3.977243],[103.338017,3.977397],[103.338274,3.977644],[103.338438,3.977912],[103.338497,3.978065],[103.338176,3.978768],[103.338129,3.978926],[103.338151,3.979001],[103.338253,3.979055],[103.338682,3.979127],[103.339012,3.979338],[103.339084,3.979418],[103.339615,3.98054],[103.339561,3.980788],[103.339519,3.981013],[103.339527,3.981107],[103.339572,3.981206],[103.339862,3.981415],[103.340152,3.981543],[103.340098,3.981917],[103.340532,3.98234],[103.340538,3.982471],[103.340492,3.982656],[103.340339,3.982913],[103.340323,3.982985],[103.340334,3.983055],[103.340382,3.983111],[103.340742,3.983341],[103.341026,3.983895],[103.341313,3.984165],[103.341487,3.984414],[103.341493,3.984631],[103.341541,3.984861],[103.341773,3.985413],[103.342069,3.985931],[103.342158,3.986028],[103.342107,3.986544],[103.342091,3.986761],[103.342169,3.986916],[103.342305,3.986975],[103.342541,3.987044],[103.342933,3.988109],[103.34293,3.988222],[103.342893,3.988388],[103.342796,3.988693],[103.342783,3.988821],[103.342791,3.988928],[103.342828,3.989062],[103.34292,3.989273],[103.342917,3.989827],[103.341999,3.990425],[103.341253,3.990325],[103.340829,3.99008],[103.340536,3.990261],[103.340486,3.990691],[103.340297,3.990873],[103.339151,3.991057],[103.338328,3.990635],[103.338127,3.991577],[103.338663,3.993226],[103.339753,3.993857],[103.340465,3.994484],[103.33871,3.997561],[103.340218,3.999618],[103.33971,4.002143],[103.338372,4.016973],[103.338142,4.018145],[103.33718,4.018799],[103.335781,4.02064],[103.335869,4.021055],[103.336381,4.021562],[103.338556,4.022332],[103.338256,4.026513],[103.33824,4.027683],[103.338056,4.029868],[103.337901,4.032229],[103.337946,4.033184],[103.338026,4.033952],[103.338084,4.035341],[103.338528,4.038227],[103.338687,4.039969],[103.3389,4.042207],[103.338892,4.043417],[103.338831,4.044709],[103.338721,4.045899],[103.338534,4.046716],[103.338303,4.047632],[103.338154,4.048435],[103.337731,4.04986],[103.337208,4.051328],[103.336692,4.052521],[103.336234,4.05354],[103.335424,4.054977],[103.334443,4.056706],[103.333039,4.058834],[103.33274,4.059194],[103.331097,4.06121],[103.330871,4.061567],[103.330774,4.06176],[103.33056,4.062237],[103.330627,4.062367],[103.330453,4.062614],[103.330608,4.062715],[103.330342,4.063004],[103.330331,4.063131],[103.330355,4.063357],[103.330426,4.063566],[103.330396,4.063678],[103.33022,4.064019],[103.329824,4.064484],[103.32971,4.064545],[103.329575,4.064483],[103.329491,4.064499],[103.32938,4.064621],[103.329351,4.064717],[103.329503,4.064972],[103.327736,4.068235],[103.327657,4.068303],[103.326227,4.068107],[103.326143,4.068123],[103.326139,4.068076],[103.326209,4.068007],[103.325905,4.067954],[103.325754,4.067975],[103.325705,4.067935],[103.325635,4.067758],[103.325567,4.067616],[103.325522,4.067539],[103.325489,4.067704],[103.325238,4.068013],[103.324471,4.068109],[103.323908,4.067884],[103.32333,4.067978],[103.322125,4.068381],[103.320426,4.068083],[103.317585,4.067304],[103.31647,4.066698],[103.315343,4.065488],[103.314948,4.064334],[103.314763,4.064098],[103.314742,4.06385],[103.314856,4.063623],[103.314919,4.06337],[103.314893,4.063143],[103.314821,4.062955],[103.314498,4.062835],[103.31449,4.062725],[103.314489,4.062597],[103.314489,4.062501],[103.314616,4.062383],[103.314552,4.06234],[103.31456,4.06212],[103.314475,4.062016],[103.314515,4.061832],[103.314355,4.061827],[103.3141,4.061675],[103.314035,4.061289],[103.314039,4.061163],[103.313998,4.061032],[103.313902,4.060955],[103.313766,4.06092],[103.313564,4.0609],[103.31344,4.060813],[103.31339,4.060702],[103.313382,4.060485],[103.313368,4.060308],[103.313322,4.060266],[103.313205,4.060161],[103.31363,4.059995],[103.31434,4.060178],[103.314967,4.059998],[103.3158,4.060093],[103.316575,4.059676],[103.316748,4.058756],[103.31601,4.057293],[103.316048,4.057049],[103.316163,4.056828],[103.316384,4.056735],[103.316713,4.055768],[103.317115,4.055487],[103.318139,4.053727],[103.318787,4.053238],[103.319556,4.051344],[103.319832,4.050187],[103.320165,4.049338],[103.320551,4.04868],[103.320708,4.048502],[103.320792,4.04757],[103.320571,4.047493],[103.320288,4.047409],[103.320377,4.045056],[103.320112,4.042895],[103.321005,4.040878],[103.322064,4.040982],[103.322556,4.040462],[103.322278,4.039723],[103.321655,4.038802],[103.322331,4.037314],[103.323281,4.037141],[103.323585,4.036744],[103.324067,4.036017],[103.324396,4.035413],[103.324443,4.034961],[103.323883,4.03411],[103.323503,4.032969],[103.323039,4.03179],[103.323271,4.03089],[103.324288,4.028761],[103.322456,4.026241],[103.321205,4.024568],[103.320612,4.0243],[103.320505,4.02336],[103.32035,4.021988],[103.320438,4.020856],[103.320641,4.020529],[103.321194,4.019237],[103.320765,4.019024],[103.320476,4.018521],[103.321656,4.01799],[103.321359,4.017074],[103.321103,4.015046],[103.321907,4.014589],[103.322041,4.012666],[103.321362,4.011327],[103.321525,4.010632],[103.320949,4.009315],[103.320564,4.009179],[103.320908,4.008315],[103.320656,4.007796],[103.320894,4.006863],[103.320885,4.005723],[103.320732,4.004841],[103.320381,4.004935],[103.319796,4.004622],[103.319386,4.004921],[103.318856,4.004742],[103.319166,4.004093],[103.320548,4.003973],[103.321187,4.003101],[103.321329,4.002667],[103.321106,4.002163],[103.315737,4.001925],[103.314142,4.002384],[103.313701,4.001932],[103.312762,4.002043],[103.312509,4.001858],[103.312098,4.002191],[103.311621,4.002987],[103.31144,4.003424],[103.31179,4.004013],[103.311697,4.004424],[103.311048,4.004778],[103.310477,4.003565],[103.310356,4.003171],[103.309433,4.000279],[103.309429,4.000127],[103.309398,3.9996],[103.308993,3.998703],[103.30868,3.997317],[103.307708,3.995367],[103.308406,3.994674],[103.308556,3.994525],[103.309331,3.992897],[103.309249,3.991046],[103.308731,3.990867],[103.3086,3.990244],[103.30767,3.99004],[103.307134,3.989423],[103.305897,3.988903],[103.305155,3.989105],[103.305,3.988725],[103.306074,3.986751],[103.306314,3.986937],[103.306597,3.986988],[103.306889,3.986968],[103.307281,3.986915],[103.307831,3.986372],[103.307899,3.985879],[103.308616,3.986175],[103.308092,3.987604],[103.308097,3.987709],[103.309216,3.988229],[103.309911,3.988384],[103.31038,3.988514],[103.310619,3.988343],[103.310839,3.988225],[103.310947,3.988035],[103.310953,3.987839],[103.310817,3.987467],[103.310839,3.987376],[103.310905,3.987343],[103.310991,3.987255],[103.310984,3.98713],[103.311055,3.987016],[103.31127,3.986995],[103.311407,3.986935],[103.311553,3.986871],[103.311684,3.986683],[103.311738,3.986439],[103.311966,3.986258],[103.312702,3.986106],[103.313035,3.985903],[103.313192,3.985669],[103.313178,3.985495],[103.313233,3.985227],[103.313388,3.985126],[103.31355,3.985078],[103.313651,3.985081],[103.31382,3.985246],[103.325459,3.988753],[103.325876,3.986255],[103.325842,3.985967],[103.324938,3.984666],[103.324674,3.984354],[103.324903,3.982775],[103.325035,3.98112],[103.325331,3.979643],[103.32541,3.979419],[103.325566,3.97852],[103.325609,3.978049],[103.326082,3.975229],[103.326784,3.97486],[103.327372,3.974278],[103.327616,3.973569],[103.32842,3.971796],[103.328647,3.971803],[103.328849,3.971904],[103.329029,3.971904],[103.329083,3.97169],[103.329121,3.971585],[103.329546,3.971408],[103.329981,3.971035],[103.330166,3.970753],[103.330373,3.970881],[103.330562,3.970895],[103.330677,3.970753],[103.33065,3.970597],[103.330432,3.970136],[103.330441,3.969832],[103.330206,3.969692],[103.329918,3.96946],[103.329805,3.969127],[103.329845,3.968645],[103.329888,3.968409],[103.329972,3.967863],[103.330257,3.967904],[103.330725,3.96776],[103.330818,3.9679],[103.330883,3.968],[103.330735,3.968167],[103.330518,3.968227],[103.330615,3.968465],[103.330879,3.968508],[103.330933,3.968631],[103.330943,3.968757],[103.331054,3.968963],[103.331274,3.968914],[103.331426,3.968896],[103.331568,3.969037],[103.332278,3.968534],[103.33252,3.968199],[103.332714,3.96777],[103.332552,3.96759],[103.332281,3.967742],[103.332083,3.967638],[103.331742,3.967207],[103.331275,3.967039],[103.330759,3.9669],[103.330408,3.967405],[103.330088,3.967322],[103.330319,3.966408],[103.330441,3.966031],[103.330452,3.965763],[103.330831,3.965883],[103.33114,3.965959],[103.331288,3.965955],[103.331387,3.965876],[103.331548,3.965396],[103.330505,3.965163],[103.330623,3.964812],[103.331095,3.964684],[103.331606,3.964784],[103.331721,3.96459],[103.33195,3.964488],[103.332278,3.964518],[103.332721,3.964612],[103.3329,3.964311],[103.332722,3.963062],[103.33265,3.962889],[103.33265,3.962646],[103.332655,3.962599],[103.332627,3.962567],[103.332563,3.962499],[103.332515,3.962489],[103.332384,3.962521],[103.332328,3.962506],[103.332307,3.962456],[103.332326,3.962408],[103.332414,3.962372],[103.332475,3.962312],[103.332567,3.962292],[103.332589,3.962262],[103.332577,3.962234],[103.332546,3.96221],[103.332496,3.962217],[103.332415,3.962259],[103.332351,3.962245],[103.332264,3.96221],[103.33224,3.962189],[103.332254,3.962144],[103.332303,3.962091],[103.332342,3.962059],[103.332384,3.962043],[103.332463,3.962033],[103.332539,3.961997],[103.332873,3.961998],[103.333099,3.962428],[103.333201,3.962624],[103.333277,3.962659],[103.333237,3.96282],[103.333553,3.962762],[103.333539,3.962688],[103.333637,3.962626],[103.33366,3.962523],[103.333726,3.962477],[103.333778,3.962481],[103.333781,3.962583],[103.333829,3.962554],[103.334164,3.962197],[103.334388,3.962164],[103.334469,3.962307],[103.334653,3.962314],[103.334765,3.962222],[103.334858,3.961195],[103.334932,3.961053],[103.334857,3.960503],[103.334742,3.959985],[103.334746,3.959921],[103.33478,3.959801],[103.334782,3.959775],[103.33474,3.959716],[103.334749,3.959588],[103.334741,3.959542],[103.334783,3.959513],[103.334787,3.959463],[103.33475,3.959415],[103.334689,3.959382],[103.334671,3.959278],[103.334516,3.959286],[103.334335,3.959214],[103.334269,3.959162],[103.334272,3.959109],[103.334219,3.959065],[103.334075,3.95902],[103.333943,3.958978],[103.333836,3.958997],[103.333831,3.958935],[103.333883,3.958843],[103.333796,3.958708],[103.333822,3.958613],[103.333941,3.958555],[103.334007,3.958429],[103.334046,3.958265],[103.334048,3.958125],[103.333996,3.95803],[103.333913,3.958001],[103.333739,3.958039],[103.333506,3.958091],[103.33338,3.95799],[103.33336,3.957871],[103.333346,3.957847],[103.333192,3.95777],[103.333149,3.957723],[103.333133,3.957599],[103.333121,3.957485],[103.333142,3.957419],[103.33309,3.957293],[103.333131,3.957229],[103.33315,3.957238],[103.33322,3.957117],[103.333214,3.957076],[103.33326,3.956891],[103.333347,3.956891],[103.333401,3.956784],[103.333478,3.956606],[103.333521,3.956513]]]}},{"type":"Feature","properties":{"zone":"agriculture","osm":"orchard"},"geometry":{"type":"Polygon","coordinates":[[[103.313763,3.941386],[103.311906,3.942634],[103.310936,3.943104],[103.310203,3.943044],[103.309735,3.943341],[103.309326,3.943477],[103.308815,3.943902],[103.307053,3.944038],[103.307299,3.943061],[103.30655,3.942747],[103.306286,3.943019],[103.306107,3.943945],[103.306014,3.944276],[103.305733,3.944412],[103.305469,3.944386],[103.305017,3.944386],[103.304183,3.944157],[103.303204,3.943605],[103.30288,3.943724],[103.302659,3.943707],[103.302403,3.943537],[103.301969,3.943562],[103.301705,3.943732],[103.301645,3.943554],[103.301705,3.943325],[103.304362,3.940326],[103.304464,3.937785],[103.307734,3.937862],[103.30913,3.938083],[103.31108,3.939247],[103.31286,3.94036],[103.313763,3.941386]]]}},{"type":"Feature","properties":{"zone":"agriculture","osm":"orchard"},"geometry":{"type":"Polygon","coordinates":[[[103.313788,3.946323],[103.312247,3.948345],[103.311659,3.948354],[103.311413,3.94843],[103.311242,3.948405],[103.310936,3.948558],[103.310493,3.948617],[103.309743,3.948651],[103.309028,3.948507],[103.30827,3.94815],[103.307538,3.947666],[103.306695,3.947402],[103.306303,3.947156],[103.306133,3.946621],[103.307044,3.946077],[103.307512,3.945873],[103.308023,3.945984],[103.308849,3.945975],[103.309454,3.945856],[103.309726,3.945644],[103.310288,3.94561],[103.311029,3.945338],[103.311523,3.944896],[103.311625,3.944454],[103.311336,3.943749],[103.314291,3.941995],[103.315432,3.943715],[103.315611,3.944089],[103.315602,3.944497],[103.315909,3.94544],[103.316607,3.946298],[103.316266,3.946383],[103.31596,3.946357],[103.3155,3.946944],[103.315202,3.947096],[103.314742,3.947156],[103.314308,3.947122],[103.313788,3.946323]]]}},{"type":"Feature","properties":{"zone":"institutional","osm":"cemetery"},"geometry":{"type":"Polygon","coordinates":[[[103.31676,3.896584],[103.316722,3.898197],[103.316462,3.898124],[103.316285,3.897978],[103.316205,3.897815],[103.31612,3.897821],[103.316034,3.897939],[103.315757,3.897839],[103.316076,3.897264],[103.316323,3.896926],[103.316417,3.896565],[103.31676,3.896584]]]}},{"type":"Feature","properties":{"zone":"residential","osm":"residential"},"geometry":{"type":"Polygon","coordinates":[[[103.445898,4.506426],[103.445718,4.505187],[103.446695,4.505045],[103.446876,4.506283],[103.445898,4.506426]]]}},{"type":"Feature","properties":{"zone":"commercial","osm":"commercial","name":"Terengganu Safety Training Center"},"geometry":{"type":"Polygon","coordinates":[[[103.470148,4.302183],[103.469897,4.300353],[103.471855,4.300151],[103.471896,4.302021],[103.471834,4.302023],[103.471135,4.302039],[103.470167,4.302277],[103.470148,4.302183]]]}},{"type":"Feature","properties":{"zone":"residential","osm":"residential","name":"Taman Kijal Mentauh"},"geometry":{"type":"Polygon","coordinates":[[[103.467545,4.352437],[103.469017,4.35297],[103.468861,4.351468],[103.468044,4.35117],[103.467545,4.352437]]]}},{"type":"Feature","properties":{"zone":"industrial","osm":"industrial","name":"Eastern Steel Sdn Bhd"},"geometry":{"type":"Polygon","coordinates":[[[103.423322,4.287692],[103.423384,4.281098],[103.435137,4.281214],[103.435236,4.288116],[103.435493,4.292288],[103.429171,4.292308],[103.42909,4.287567],[103.423322,4.287692]]]}},{"type":"Feature","properties":{"zone":"recreation","osm":"park","name":"Waterfront Kemaman"},"geometry":{"type":"Polygon","coordinates":[[[103.428187,4.213868],[103.428274,4.213954],[103.428367,4.214058],[103.428447,4.214155],[103.428502,4.214112],[103.428612,4.214262],[103.428559,4.214301],[103.428659,4.214434],[103.428721,4.214387],[103.428827,4.214545],[103.428789,4.214571],[103.428778,4.214583],[103.428776,4.214601],[103.428785,4.21463],[103.428799,4.214662],[103.428878,4.214763],[103.429119,4.215059],[103.42931,4.215288],[103.429418,4.215411],[103.42945,4.215386],[103.429506,4.21546],[103.429475,4.215487],[103.429551,4.215589],[103.429657,4.215735],[103.429898,4.216069],[103.430043,4.216259],[103.43021,4.216462],[103.430263,4.216535],[103.430286,4.216522],[103.430467,4.216763],[103.430698,4.21708],[103.430978,4.217471],[103.431229,4.217802],[103.431268,4.217777],[103.431317,4.217845],[103.431273,4.217873],[103.431323,4.217946],[103.431837,4.218655],[103.431247,4.218849],[103.430333,4.21731],[103.42929,4.21582],[103.427652,4.21452],[103.428187,4.213868]]]}},{"type":"Feature","properties":{"zone":"residential","osm":"residential","name":"Perumahan Kakitangan Tenaga Nasional Berhad Kemaman"},"geometry":{"type":"Polygon","coordinates":[[[103.432559,4.207674],[103.433407,4.206768],[103.432458,4.205925],[103.431638,4.206867],[103.432559,4.207674]]]}},{"type":"Feature","properties":{"zone":"recreation","osm":"park","name":"Monica Bay Park"},"geometry":{"type":"Polygon","coordinates":[[[103.439019,4.201026],[103.439765,4.201206],[103.440152,4.199614],[103.439406,4.199434],[103.439019,4.201026]]]}},{"type":"Feature","properties":{"zone":"commercial","osm":"commercial","name":"Pejabat Pelajaran Daerah Kemaman"},"geometry":{"type":"Polygon","coordinates":[[[103.421148,4.237075],[103.421551,4.237023],[103.421509,4.236439],[103.421024,4.236514],[103.421057,4.236909],[103.421,4.236934],[103.421011,4.236977],[103.421127,4.23695],[103.421148,4.237075]]]}},{"type":"Feature","properties":{"zone":"institutional","osm":"government","name":"Majlis Perbandaran Kemaman"},"geometry":{"type":"Polygon","coordinates":[[[103.417724,4.236059],[103.417715,4.235925],[103.417657,4.235087],[103.417658,4.235074],[103.416649,4.23536],[103.416234,4.235478],[103.416376,4.236419],[103.416517,4.236381],[103.416605,4.236358],[103.417724,4.236059]]]}},{"type":"Feature","properties":{"zone":"commercial","osm":"commercial","name":"Taman Chukai Utama"},"geometry":{"type":"Polygon","coordinates":[[[103.419553,4.224038],[103.418373,4.224056],[103.417845,4.222685],[103.417608,4.222197],[103.417134,4.220475],[103.418979,4.219095],[103.41928,4.220749],[103.41938,4.22084],[103.419545,4.223891],[103.419553,4.224038]]]}},{"type":"Feature","properties":{"zone":"industrial","osm":"industrial","name":"Kawasan Perindustrian Jakar 2"},"geometry":{"type":"Polygon","coordinates":[[[103.424314,4.218106],[103.422007,4.216345],[103.421779,4.216156],[103.422925,4.215115],[103.425875,4.213452],[103.427319,4.214265],[103.425147,4.217103],[103.424314,4.218106]]]}},{"type":"Feature","properties":{"zone":"residential","osm":"residential","name":"Taman Permai Jaya"},"geometry":{"type":"Polygon","coordinates":[[[103.393505,4.240012],[103.39375,4.23812],[103.393758,4.238057],[103.394193,4.238156],[103.394757,4.23837],[103.394324,4.239804],[103.393505,4.240012]]]}},{"type":"Feature","properties":{"zone":"institutional","osm":"institutional","name":"Jabatan Pengangkutan Jalan Kemaman"},"geometry":{"type":"Polygon","coordinates":[[[103.404863,4.243638],[103.405501,4.243372],[103.405998,4.244554],[103.40536,4.244821],[103.404863,4.243638]]]}},{"type":"Feature","properties":{"zone":"industrial","osm":"industrial","name":"Terminal Gas dan Cecair"},"geometry":{"type":"Polygon","coordinates":[[[103.450134,4.570701],[103.449245,4.573069],[103.449474,4.57316],[103.453136,4.574618],[103.452967,4.575124],[103.453848,4.575458],[103.45464,4.5734],[103.455165,4.572315],[103.450134,4.570701]]]}},{"type":"Feature","properties":{"zone":"industrial","osm":"industrial"},"geometry":{"type":"Polygon","coordinates":[[[103.440379,4.574353],[103.439322,4.574955],[103.438447,4.579121],[103.446539,4.582427],[103.448388,4.577333],[103.440379,4.574353]]]}},{"type":"Feature","properties":{"zone":"industrial","osm":"railway","name":"Kuantan-Kerteh Railway System Central Parking"},"geometry":{"type":"Polygon","coordinates":[[[103.437528,4.575382],[103.436757,4.575214],[103.43967,4.560686],[103.440743,4.560964],[103.437528,4.575382]]]}},{"type":"Feature","properties":{"zone":"residential","osm":"residential","name":"Perumahan RMM Teluk Kalong"},"geometry":{"type":"Polygon","coordinates":[[[103.469571,4.295177],[103.472264,4.295177],[103.471599,4.293893],[103.472417,4.293717],[103.471869,4.292307],[103.472427,4.290181],[103.472323,4.289785],[103.468932,4.290737],[103.467683,4.290764],[103.468224,4.295182],[103.469571,4.295177]]]}},{"type":"Feature","properties":{"zone":"residential","osm":"residential"},"geometry":{"type":"Polygon","coordinates":[[[103.441721,4.269631],[103.441405,4.268831],[103.442867,4.26825],[103.443151,4.268839],[103.443352,4.269131],[103.443301,4.269716],[103.442545,4.269665],[103.442451,4.269336],[103.441721,4.269631]]]}},{"type":"Feature","properties":{"zone":"residential","osm":"residential"},"geometry":{"type":"Polygon","coordinates":[[[103.435587,4.257506],[103.436719,4.257126],[103.436472,4.255611],[103.436317,4.255645],[103.435496,4.256049],[103.43562,4.256939],[103.435587,4.257506]]]}},{"type":"Feature","properties":{"zone":"residential","osm":"residential"},"geometry":{"type":"Polygon","coordinates":[[[103.441376,4.256591],[103.440734,4.256176],[103.440689,4.256086],[103.440898,4.255478],[103.441676,4.25589],[103.441376,4.256591]]]}},{"type":"Feature","properties":{"zone":"institutional","osm":"cemetery"},"geometry":{"type":"Polygon","coordinates":[[[103.445136,4.253258],[103.445034,4.252857],[103.44593,4.252172],[103.446112,4.252327],[103.446268,4.252766],[103.446026,4.25382],[103.445136,4.253258]]]}},{"type":"Feature","properties":{"zone":"residential","osm":"residential"},"geometry":{"type":"Polygon","coordinates":[[[103.443623,4.25309],[103.442966,4.251977],[103.443548,4.251683],[103.44417,4.252793],[103.443623,4.25309]]]}},{"type":"Feature","properties":{"zone":"residential","osm":"residential"},"geometry":{"type":"Polygon","coordinates":[[[103.442709,4.253551],[103.443164,4.253213],[103.442599,4.252262],[103.442133,4.252656],[103.442709,4.253551]]]}},{"type":"Feature","properties":{"zone":"residential","osm":"residential"},"geometry":{"type":"Polygon","coordinates":[[[103.443162,4.251546],[103.442722,4.250792],[103.444358,4.249974],[103.444626,4.250771],[103.443162,4.251546]]]}},{"type":"Feature","properties":{"zone":"residential","osm":"residential"},"geometry":{"type":"Polygon","coordinates":[[[103.444739,4.250714],[103.444484,4.249942],[103.445793,4.24953],[103.445954,4.250155],[103.444739,4.250714]]]}},{"type":"Feature","properties":{"zone":"residential","osm":"residential"},"geometry":{"type":"Polygon","coordinates":[[[103.441716,4.251027],[103.441783,4.250498],[103.442456,4.250811],[103.442357,4.251348],[103.441716,4.251027]]]}},{"type":"Feature","properties":{"zone":"residential","osm":"residential"},"geometry":{"type":"Polygon","coordinates":[[[103.441075,4.24981],[103.441467,4.249179],[103.441408,4.248904],[103.441555,4.24866],[103.442438,4.249222],[103.442427,4.249302],[103.443069,4.249422],[103.442325,4.250503],[103.441075,4.24981]]]}},{"type":"Feature","properties":{"zone":"residential","osm":"residential"},"geometry":{"type":"Polygon","coordinates":[[[103.442427,4.249302],[103.442438,4.249222],[103.442871,4.248603],[103.442939,4.248544],[103.443581,4.248755],[103.443069,4.249422],[103.442427,4.249302]]]}},{"type":"Feature","properties":{"zone":"residential","osm":"residential"},"geometry":{"type":"Polygon","coordinates":[[[103.442939,4.248544],[103.443352,4.247574],[103.442995,4.247416],[103.443006,4.247128],[103.443146,4.246983],[103.444194,4.246962],[103.4445,4.247387],[103.443851,4.248845],[103.443581,4.248755],[103.442939,4.248544]]]}},{"type":"Feature","properties":{"zone":"institutional","osm":"cemetery"},"geometry":{"type":"Polygon","coordinates":[[[103.452791,4.244768],[103.453698,4.243313],[103.454078,4.243174],[103.454851,4.243987],[103.454969,4.244367],[103.454148,4.245068],[103.452791,4.244768]]]}},{"type":"Feature","properties":{"zone":"recreation","osm":"recreation_ground"},"geometry":{"type":"Polygon","coordinates":[[[103.359882,4.216254],[103.359407,4.21551],[103.359407,4.215422],[103.359718,4.215235],[103.360003,4.215615],[103.360193,4.215484],[103.360443,4.215815],[103.359882,4.216254]]]}},{"type":"Feature","properties":{"zone":"recreation","osm":"recreation_ground"},"geometry":{"type":"Polygon","coordinates":[[[103.367061,4.228913],[103.367749,4.229043],[103.367793,4.229019],[103.367721,4.22799],[103.36701,4.227957],[103.367061,4.228913]]]}},{"type":"Feature","properties":{"zone":"recreation","osm":"recreation_ground"},"geometry":{"type":"Polygon","coordinates":[[[103.356383,4.218546],[103.356927,4.218225],[103.356726,4.21788],[103.356595,4.217958],[103.35641,4.218188],[103.35634,4.218399],[103.356335,4.218495],[103.356383,4.218546]]]}},{"type":"Feature","properties":{"zone":"recreation","osm":"recreation_ground"},"geometry":{"type":"Polygon","coordinates":[[[103.357559,4.217265],[103.357401,4.217003],[103.357613,4.216727],[103.358029,4.21642],[103.358273,4.216821],[103.357559,4.217265]]]}},{"type":"Feature","properties":{"zone":"recreation","osm":"recreation_ground"},"geometry":{"type":"Polygon","coordinates":[[[103.402151,4.227309],[103.402191,4.226956],[103.402508,4.227133],[103.40247,4.227237],[103.402419,4.227285],[103.402151,4.227309]]]}},{"type":"Feature","properties":{"zone":"water","osm":"reservoir"},"geometry":{"type":"Polygon","coordinates":[[[103.378834,4.227042],[103.378773,4.226566],[103.378856,4.226475],[103.379076,4.226464],[103.379148,4.227002],[103.378834,4.227042]]]}},{"type":"Feature","properties":{"zone":"forest","osm":"forest","name":"Hutan Simpan Rasau Kerteh"},"geometry":{"type":"Polygon","coordinates":[[[103.355899,4.430578],[103.374395,4.420481],[103.387828,4.428182],[103.391004,4.436526],[103.391519,4.44581],[103.388944,4.463438],[103.365126,4.477771],[103.360963,4.470583],[103.366027,4.457619],[103.355899,4.430578]]]}},{"type":"Feature","properties":{"zone":"industrial","osm":"industrial"},"geometry":{"type":"Polygon","coordinates":[[[103.432149,4.586411],[103.430065,4.579919],[103.429585,4.578671],[103.427627,4.577997],[103.427219,4.579211],[103.426023,4.578778],[103.424419,4.583713],[103.424512,4.583887],[103.432149,4.586411]]]}},{"type":"Feature","properties":{"zone":"recreation","osm":"park","name":"Padang Astaka"},"geometry":{"type":"Polygon","coordinates":[[[103.419814,4.23785],[103.419314,4.236045],[103.420627,4.23552],[103.420976,4.236909],[103.420285,4.237136],[103.42043,4.23766],[103.419814,4.23785]]]}},{"type":"Feature","properties":{"zone":"recreation","osm":"park"},"geometry":{"type":"Polygon","coordinates":[[[103.412366,4.233837],[103.412556,4.233466],[103.410695,4.232295],[103.410417,4.232812],[103.412366,4.233837]]]}},{"type":"Feature","properties":{"zone":"residential","osm":"residential","name":"Ketengah Jaya"},"geometry":{"type":"Polygon","coordinates":[[[103.330816,4.581309],[103.32908,4.581345],[103.328205,4.580097],[103.327767,4.580686],[103.32737,4.580929],[103.325996,4.580787],[103.322514,4.57823],[103.321659,4.577915],[103.320763,4.577793],[103.319836,4.577925],[103.316853,4.579052],[103.312313,4.580138],[103.311671,4.580117],[103.310867,4.579884],[103.309595,4.579427],[103.308872,4.578707],[103.308108,4.579133],[103.306011,4.579123],[103.304942,4.579336],[103.305105,4.581],[103.304504,4.581183],[103.30371,4.581163],[103.301654,4.58097],[103.299689,4.581102],[103.299475,4.579783],[103.300656,4.579711],[103.300585,4.57826],[103.300941,4.577347],[103.302163,4.577408],[103.302417,4.576819],[103.301959,4.576393],[103.301114,4.576383],[103.301247,4.573663],[103.301643,4.572648],[103.305054,4.5728],[103.305146,4.572242],[103.305359,4.571654],[103.306143,4.570872],[103.305665,4.570192],[103.30538,4.57],[103.303608,4.569452],[103.303822,4.568477],[103.305522,4.568822],[103.306316,4.569157],[103.306703,4.569472],[103.307049,4.569858],[103.308322,4.569188],[103.308556,4.568843],[103.309157,4.568487],[103.310338,4.569036],[103.310368,4.568122],[103.307762,4.567929],[103.307131,4.567564],[103.306826,4.567057],[103.306551,4.564926],[103.305981,4.564032],[103.305594,4.562957],[103.30541,4.562145],[103.305482,4.561627],[103.305807,4.561333],[103.306327,4.561008],[103.308118,4.560521],[103.308108,4.559719],[103.307609,4.55905],[103.309014,4.558146],[103.309666,4.558897],[103.310603,4.558806],[103.31101,4.558593],[103.312048,4.558674],[103.31214,4.559476],[103.312903,4.559831],[103.313626,4.559841],[103.314176,4.559628],[103.315031,4.559192],[103.314726,4.558593],[103.319726,4.558306],[103.319769,4.560103],[103.318439,4.560595],[103.318546,4.56098],[103.320594,4.561353],[103.320949,4.56128],[103.321038,4.561044],[103.323536,4.559851],[103.323846,4.55879],[103.326876,4.556933],[103.32763,4.557007],[103.327689,4.560455],[103.328044,4.563947],[103.328057,4.564526],[103.327994,4.564956],[103.327895,4.565342],[103.32758,4.566121],[103.327382,4.566802],[103.327319,4.567385],[103.327337,4.56795],[103.327607,4.571588],[103.327697,4.572144],[103.327904,4.572754],[103.328164,4.573049],[103.330214,4.575057],[103.330394,4.575469],[103.330574,4.576114],[103.330691,4.579345],[103.330816,4.581309]]]}},{"type":"Feature","properties":{"zone":"industrial","osm":"industrial","name":"Petronas Gas Terminal TSET"},"geometry":{"type":"Polygon","coordinates":[[[103.459632,4.246389],[103.457987,4.246434],[103.457404,4.245354],[103.45741,4.240755],[103.459276,4.23972],[103.45936,4.239854],[103.459335,4.245061],[103.459636,4.245036],[103.459632,4.246389]]]}},{"type":"Feature","properties":{"zone":"residential","osm":"residential"},"geometry":{"type":"Polygon","coordinates":[[[103.44417,4.259648],[103.443895,4.259922],[103.443488,4.259601],[103.442285,4.260659],[103.443147,4.263125],[103.442266,4.263541],[103.442796,4.264732],[103.44327,4.264618],[103.443488,4.265006],[103.44399,4.26441],[103.444723,4.264821],[103.444531,4.266493],[103.443848,4.266593],[103.443365,4.266962],[103.444093,4.268246],[103.443817,4.268723],[103.443434,4.269079],[103.443371,4.26978],[103.440882,4.269711],[103.440636,4.269305],[103.439215,4.269579],[103.438229,4.267406],[103.437083,4.267699],[103.43732,4.268341],[103.437348,4.268738],[103.436874,4.26887],[103.436865,4.269154],[103.43605,4.269314],[103.435519,4.269239],[103.435514,4.268636],[103.433214,4.266176],[103.432615,4.265808],[103.431929,4.267205],[103.429721,4.266038],[103.429464,4.266508],[103.428523,4.267607],[103.426653,4.267568],[103.421535,4.266519],[103.420838,4.26562],[103.420269,4.263074],[103.420269,4.262058],[103.420634,4.261619],[103.420108,4.261073],[103.420044,4.260752],[103.421878,4.258495],[103.422179,4.258356],[103.423327,4.257992],[103.423423,4.257093],[103.424754,4.256441],[103.426073,4.255199],[103.427436,4.254408],[103.428498,4.254589],[103.428648,4.254889],[103.430794,4.256087],[103.432489,4.256687],[103.433455,4.256676],[103.433924,4.258126],[103.435499,4.257976],[103.435493,4.257542],[103.435536,4.256922],[103.435397,4.255991],[103.436534,4.255488],[103.436845,4.257542],[103.437907,4.25735],[103.438229,4.257778],[103.438905,4.257553],[103.439474,4.256975],[103.439678,4.257082],[103.4403,4.256269],[103.442016,4.257403],[103.44417,4.259648]]]}},{"type":"Feature","properties":{"zone":"residential","osm":"residential"},"geometry":{"type":"Polygon","coordinates":[[[103.427375,4.248089],[103.427812,4.248137],[103.428383,4.247701],[103.42893,4.247616],[103.4291,4.250221],[103.428881,4.251154],[103.428104,4.252438],[103.426585,4.252414],[103.425929,4.252341],[103.42514,4.252135],[103.424921,4.251977],[103.424107,4.252159],[103.42373,4.252002],[103.422576,4.251711],[103.422455,4.252559],[103.422309,4.252789],[103.421774,4.252753],[103.421762,4.252196],[103.421483,4.252208],[103.420924,4.252765],[103.419819,4.252874],[103.419041,4.252086],[103.418385,4.251081],[103.417304,4.251481],[103.417207,4.251856],[103.415627,4.252317],[103.414218,4.253637],[103.41338,4.253952],[103.413149,4.25308],[103.412663,4.253201],[103.412396,4.252717],[103.41174,4.252765],[103.411793,4.253712],[103.410812,4.253562],[103.410646,4.253298],[103.410938,4.253201],[103.410914,4.252002],[103.410039,4.251602],[103.409261,4.251602],[103.409043,4.25199],[103.408545,4.252099],[103.408327,4.252717],[103.406937,4.254083],[103.408925,4.254959],[103.410988,4.255558],[103.40381,4.2601],[103.402734,4.260781],[103.401799,4.25904],[103.401182,4.25737],[103.398149,4.249173],[103.392111,4.246909],[103.393404,4.243175],[103.386349,4.242067],[103.386402,4.241364],[103.385026,4.241082],[103.385044,4.240361],[103.384409,4.240326],[103.384321,4.239569],[103.383563,4.238831],[103.383968,4.238285],[103.38308,4.23711],[103.384447,4.235971],[103.383134,4.234734],[103.382828,4.236007],[103.381516,4.235478],[103.38158,4.233626],[103.382205,4.231547],[103.385218,4.230697],[103.386033,4.234722],[103.386678,4.235648],[103.388459,4.237236],[103.391155,4.237918],[103.392836,4.237632],[103.394144,4.236706],[103.395414,4.235157],[103.395622,4.23476],[103.396115,4.234703],[103.396456,4.234155],[103.396437,4.233664],[103.395736,4.233645],[103.395205,4.232284],[103.395565,4.231963],[103.394561,4.231301],[103.394334,4.230527],[103.395224,4.230394],[103.395414,4.229601],[103.396077,4.229601],[103.396835,4.227276],[103.398143,4.227371],[103.398199,4.228391],[103.3989,4.228618],[103.398559,4.227711],[103.401023,4.225651],[103.399621,4.224101],[103.400019,4.22344],[103.399052,4.221871],[103.398578,4.222041],[103.398199,4.221209],[103.399166,4.220491],[103.398995,4.220302],[103.399914,4.219453],[103.402175,4.22055],[103.402491,4.221275],[103.403602,4.22254],[103.403682,4.222695],[103.404851,4.221909],[103.405192,4.220472],[103.405382,4.219263],[103.404131,4.216277],[103.404301,4.215067],[103.406026,4.21503],[103.406196,4.215823],[103.40595,4.216504],[103.407314,4.218696],[103.408433,4.218545],[103.408755,4.219792],[103.408186,4.219924],[103.407902,4.22138],[103.406253,4.221002],[103.406215,4.221569],[103.407409,4.222079],[103.406746,4.22274],[103.407959,4.22361],[103.407902,4.22274],[103.4083,4.222457],[103.410782,4.222211],[103.411313,4.222797],[103.413284,4.222495],[103.415065,4.221701],[103.415766,4.223137],[103.416354,4.223099],[103.416562,4.222854],[103.41641,4.222041],[103.417112,4.221852],[103.416934,4.220475],[103.419153,4.218708],[103.420721,4.217246],[103.421748,4.216221],[103.424314,4.218106],[103.425147,4.217103],[103.426944,4.218561],[103.427161,4.218265],[103.428765,4.219729],[103.428344,4.220278],[103.427533,4.220686],[103.428523,4.221644],[103.429498,4.221113],[103.430843,4.223369],[103.43006,4.22356],[103.430119,4.224607],[103.431021,4.224651],[103.431479,4.225506],[103.430415,4.227083],[103.430444,4.227894],[103.429994,4.228447],[103.429452,4.229598],[103.428741,4.231742],[103.427768,4.232342],[103.425025,4.233714],[103.424635,4.233207],[103.424465,4.232915],[103.423923,4.231854],[103.423443,4.230933],[103.423393,4.230897],[103.423352,4.230898],[103.423271,4.23092],[103.423262,4.230987],[103.423699,4.231977],[103.424182,4.233084],[103.424319,4.233357],[103.424585,4.233805],[103.424553,4.233835],[103.424499,4.23391],[103.424318,4.234199],[103.424262,4.234293],[103.424252,4.234308],[103.42415,4.234477],[103.42411,4.234544],[103.423775,4.235087],[103.423493,4.235584],[103.423441,4.235715],[103.423411,4.235802],[103.423385,4.23596],[103.423359,4.236202],[103.423368,4.236337],[103.423381,4.236448],[103.423472,4.236926],[103.423512,4.237112],[103.423568,4.23731],[103.423705,4.237767],[103.423867,4.238242],[103.42394,4.238462],[103.424107,4.238952],[103.424178,4.239118],[103.424317,4.239654],[103.425159,4.240772],[103.427389,4.242828],[103.427674,4.243236],[103.426832,4.243588],[103.426788,4.244428],[103.427005,4.24444],[103.427104,4.245219],[103.42799,4.244798],[103.427959,4.244521],[103.428374,4.244323],[103.429203,4.245694],[103.428801,4.246886],[103.427253,4.247145],[103.427375,4.248089]]]}},{"type":"Feature","properties":{"zone":"residential","osm":"residential"},"geometry":{"type":"Polygon","coordinates":[[[103.434533,4.218075],[103.434763,4.217987],[103.434924,4.217254],[103.435221,4.217039],[103.435606,4.217086],[103.435714,4.217469],[103.436098,4.217516],[103.436267,4.218088],[103.436948,4.218943],[103.437886,4.218707],[103.437738,4.218169],[103.437711,4.217469],[103.43825,4.217382],[103.438419,4.217981],[103.439013,4.218142],[103.439363,4.218055],[103.439728,4.218236],[103.439829,4.218586],[103.439687,4.218761],[103.44053,4.223383],[103.440753,4.224722],[103.440722,4.225015],[103.439884,4.225302],[103.43995,4.225578],[103.439481,4.225788],[103.439658,4.226356],[103.438504,4.226999],[103.438445,4.227819],[103.439327,4.227917],[103.439503,4.228152],[103.439581,4.228943],[103.439268,4.229294],[103.438612,4.229334],[103.438701,4.232477],[103.437758,4.232528],[103.437461,4.229346],[103.436288,4.22941],[103.436142,4.227378],[103.436506,4.226901],[103.435033,4.225768],[103.435125,4.225654],[103.435297,4.225426],[103.435321,4.225389],[103.435367,4.225316],[103.435437,4.225181],[103.435495,4.225029],[103.435526,4.224952],[103.435546,4.224894],[103.435602,4.224707],[103.43566,4.224553],[103.435696,4.224462],[103.435736,4.22438],[103.4358,4.224272],[103.43586,4.224154],[103.43589,4.224059],[103.435914,4.223966],[103.435913,4.223887],[103.435902,4.223831],[103.435884,4.223788],[103.435868,4.223754],[103.43585,4.223727],[103.435834,4.223716],[103.435744,4.223696],[103.435776,4.223468],[103.435896,4.223478],[103.435949,4.223293],[103.435964,4.22323],[103.435973,4.223206],[103.436013,4.223077],[103.436051,4.222929],[103.43607,4.222833],[103.436076,4.222792],[103.436081,4.222756],[103.436085,4.222726],[103.436112,4.222533],[103.436113,4.222507],[103.436117,4.222489],[103.436127,4.222385],[103.436128,4.222369],[103.436131,4.222308],[103.436134,4.222218],[103.436135,4.222194],[103.436136,4.222146],[103.436137,4.222086],[103.436138,4.222008],[103.436135,4.221933],[103.436114,4.221759],[103.436105,4.221711],[103.436093,4.221687],[103.43608,4.221674],[103.436054,4.221649],[103.436023,4.22162],[103.436002,4.221574],[103.435983,4.221475],[103.435969,4.221382],[103.435964,4.221349],[103.435949,4.221259],[103.435939,4.22118],[103.435933,4.221144],[103.435933,4.221115],[103.435936,4.221097],[103.435951,4.221038],[103.435959,4.220985],[103.435955,4.220935],[103.435941,4.220901],[103.435937,4.220888],[103.435901,4.2208],[103.435874,4.220746],[103.435805,4.220649],[103.435751,4.220589],[103.435735,4.220571],[103.4357,4.220524],[103.435665,4.220462],[103.435638,4.220407],[103.435589,4.220285],[103.435581,4.220266],[103.43548,4.220087],[103.435437,4.219986],[103.435422,4.219957],[103.435413,4.21994],[103.435349,4.219809],[103.435303,4.219694],[103.435259,4.219602],[103.435233,4.219575],[103.435209,4.219539],[103.435183,4.219505],[103.434533,4.218075]]]}},{"type":"Feature","properties":{"zone":"residential","osm":"residential","name":"Kampung Nelayan Kuala Kemaman"},"geometry":{"type":"Polygon","coordinates":[[[103.443854,4.235882],[103.444123,4.235713],[103.444708,4.236649],[103.444973,4.236769],[103.445164,4.237075],[103.445791,4.238169],[103.445884,4.239091],[103.444527,4.239425],[103.442659,4.240009],[103.442524,4.239809],[103.442264,4.239925],[103.442134,4.239601],[103.442436,4.23936],[103.443778,4.238576],[103.44377,4.238028],[103.443821,4.237969],[103.443877,4.236449],[103.443854,4.235882]]]}},{"type":"Feature","properties":{"zone":"residential","osm":"residential"},"geometry":{"type":"Polygon","coordinates":[[[103.288211,3.966891],[103.289183,3.966813],[103.289973,3.966897],[103.290404,3.967006],[103.290738,3.967128],[103.291036,3.96677],[103.293065,3.968721],[103.291801,3.970042],[103.291911,3.970182],[103.291437,3.970782],[103.291163,3.970679],[103.290823,3.971103],[103.290969,3.971278],[103.290799,3.971503],[103.29089,3.971618],[103.290714,3.971866],[103.290501,3.971739],[103.289791,3.972405],[103.288412,3.974169],[103.288108,3.974139],[103.287434,3.973587],[103.285454,3.971848],[103.284664,3.970836],[103.285527,3.970145],[103.286189,3.969509],[103.287167,3.968249],[103.287677,3.967994],[103.287592,3.967728],[103.288284,3.967449],[103.288211,3.966891]]]}},{"type":"Feature","properties":{"zone":"residential","osm":"residential"},"geometry":{"type":"Polygon","coordinates":[[[103.289614,4.042034],[103.289116,4.041999],[103.289071,4.042496],[103.288805,4.042486],[103.288642,4.042554],[103.288325,4.042914],[103.288202,4.04314],[103.288297,4.043754],[103.288519,4.043718],[103.288615,4.044066],[103.288646,4.044272],[103.288641,4.044536],[103.288569,4.044961],[103.288305,4.044954],[103.288237,4.045017],[103.288257,4.045247],[103.287904,4.045389],[103.287721,4.045991],[103.287571,4.04655],[103.287428,4.047274],[103.287297,4.047282],[103.287249,4.047579],[103.287507,4.047694],[103.287459,4.047841],[103.287154,4.047864],[103.286788,4.048949],[103.286534,4.048922],[103.286538,4.048843],[103.285792,4.048783],[103.285653,4.048684],[103.285367,4.048787],[103.284764,4.049155],[103.284982,4.049468],[103.285458,4.049215],[103.285708,4.049191],[103.286781,4.04931],[103.28688,4.049425],[103.28711,4.049468],[103.28765,4.049211],[103.287868,4.048518],[103.28763,4.047908],[103.287706,4.047583],[103.287864,4.047559],[103.288126,4.047365],[103.288158,4.047009],[103.288349,4.04651],[103.288345,4.046201],[103.288234,4.046146],[103.288265,4.045979],[103.288353,4.04588],[103.288603,4.046015],[103.288905,4.046019],[103.289083,4.045563],[103.289266,4.045183],[103.289401,4.044288],[103.289214,4.044047],[103.289254,4.043488],[103.289385,4.043429],[103.289405,4.042942],[103.289476,4.042672],[103.289556,4.042672],[103.289614,4.042034]]]}},{"type":"Feature","properties":{"zone":"residential","osm":"residential"},"geometry":{"type":"Polygon","coordinates":[[[103.240563,4.141602],[103.241875,4.143534],[103.241018,4.146791],[103.238933,4.145508],[103.238561,4.145105],[103.238386,4.143926],[103.237915,4.143184],[103.237259,4.143643],[103.236636,4.142868],[103.234864,4.142693],[103.234503,4.142159],[103.233748,4.141842],[103.233343,4.141526],[103.232512,4.140108],[103.232457,4.139704],[103.232567,4.139431],[103.233037,4.1393],[103.233288,4.138493],[103.233595,4.13798],[103.234087,4.137609],[103.234896,4.137424],[103.236428,4.136333],[103.237445,4.135929],[103.236559,4.135122],[103.23647,4.134675],[103.236933,4.134437],[103.236653,4.133626],[103.235236,4.134311],[103.23525,4.134731],[103.234521,4.134815],[103.234142,4.134437],[103.233791,4.13385],[103.233385,4.133668],[103.233399,4.131793],[103.232922,4.131528],[103.232515,4.132171],[103.231674,4.132213],[103.231505,4.131416],[103.231954,4.131192],[103.231772,4.130674],[103.231786,4.12866],[103.232319,4.127961],[103.232515,4.128031],[103.232585,4.127835],[103.232641,4.127079],[103.232291,4.126618],[103.232291,4.126226],[103.23295,4.12561],[103.233749,4.125568],[103.234198,4.126072],[103.234577,4.126156],[103.234787,4.125429],[103.236709,4.125485],[103.236751,4.126799],[103.23741,4.126925],[103.239023,4.124603],[103.238504,4.124114],[103.238167,4.124645],[103.236498,4.124533],[103.23497,4.124394],[103.234647,4.124701],[103.233609,4.124743],[103.233413,4.124519],[103.23295,4.124408],[103.232754,4.124114],[103.232698,4.123079],[103.23389,4.121428],[103.233441,4.120379],[103.232347,4.120659],[103.231632,4.120421],[103.231337,4.119484],[103.231435,4.11898],[103.232347,4.118518],[103.233118,4.117819],[103.233132,4.115846],[103.233244,4.115287],[103.234086,4.11407],[103.236498,4.112895],[103.237241,4.113664],[103.235993,4.114615],[103.23633,4.115483],[103.236835,4.115343],[103.237971,4.115469],[103.238097,4.116252],[103.239906,4.115231],[103.240707,4.115431],[103.241227,4.116194],[103.241253,4.118095],[103.242261,4.118347],[103.243429,4.118497],[103.244688,4.116906],[103.24463,4.116502],[103.244294,4.116484],[103.243929,4.115765],[103.244103,4.115552],[103.243871,4.115225],[103.243098,4.114935],[103.243342,4.114308],[103.244044,4.114308],[103.244605,4.114755],[103.245684,4.113524],[103.246512,4.113258],[103.247662,4.113245],[103.248419,4.113678],[103.248658,4.114657],[103.248994,4.117595],[103.24884,4.118714],[103.248195,4.120896],[103.248195,4.121484],[103.249247,4.124016],[103.249177,4.124617],[103.248139,4.126422],[103.247774,4.12645],[103.245811,4.125499],[103.243988,4.125513],[103.243679,4.125149],[103.243272,4.125149],[103.242206,4.126016],[103.241856,4.126422],[103.242459,4.127471],[103.242024,4.127863],[103.24187,4.128352],[103.241982,4.128632],[103.242515,4.12866],[103.242795,4.129108],[103.242922,4.130241],[103.242697,4.130576],[103.241604,4.130727],[103.241423,4.130502],[103.240617,4.130634],[103.239644,4.130953],[103.239328,4.13021],[103.239569,4.129441],[103.239433,4.129154],[103.239843,4.128665],[103.239397,4.128314],[103.239395,4.127914],[103.239786,4.127555],[103.240714,4.127328],[103.240392,4.127016],[103.240084,4.126505],[103.239972,4.125526],[103.239874,4.12525],[103.239523,4.124923],[103.238057,4.127457],[103.238275,4.12786],[103.238284,4.128654],[103.237731,4.128729],[103.237863,4.129279],[103.238126,4.129767],[103.238713,4.13057],[103.239005,4.13109],[103.239143,4.132642],[103.239489,4.133393],[103.23843,4.135546],[103.238695,4.135891],[103.239489,4.135708],[103.240344,4.135241],[103.240568,4.134795],[103.240222,4.133718],[103.240568,4.132256],[103.241158,4.131484],[103.242095,4.131241],[103.242828,4.132053],[103.243317,4.13185],[103.243744,4.132337],[103.244885,4.131606],[103.245577,4.131972],[103.245842,4.132622],[103.246758,4.133901],[103.246412,4.134876],[103.245394,4.135059],[103.243744,4.136379],[103.24405,4.137516],[103.243541,4.137983],[103.242808,4.138572],[103.242808,4.139608],[103.242299,4.140054],[103.242428,4.140551],[103.240563,4.141602]]]}},{"type":"Feature","properties":{"zone":"residential","osm":"residential"},"geometry":{"type":"Polygon","coordinates":[[[103.438595,4.196495],[103.438456,4.195759],[103.438735,4.194925],[103.43837,4.193357],[103.438386,4.192518],[103.437989,4.191409],[103.437131,4.190237],[103.436718,4.189129],[103.436836,4.188846],[103.436909,4.188669],[103.436877,4.187703],[103.436353,4.185217],[103.433403,4.184667],[103.43169,4.184317],[103.43122,4.184312],[103.43065,4.184954],[103.429507,4.183948],[103.429314,4.183994],[103.42903,4.183931],[103.428314,4.183855],[103.427727,4.184333],[103.427455,4.185613],[103.426772,4.185653],[103.426588,4.184571],[103.426165,4.184302],[103.425816,4.184019],[103.424686,4.18391],[103.42469,4.183711],[103.424315,4.183652],[103.42382,4.183351],[103.423853,4.183087],[103.423752,4.183032],[103.414174,4.181725],[103.412877,4.181139],[103.411785,4.181111],[103.411686,4.181195],[103.411256,4.181144],[103.411064,4.181216],[103.408317,4.183021],[103.412324,4.187826],[103.41401,4.189848],[103.413865,4.189942],[103.41183,4.191255],[103.411004,4.190788],[103.410262,4.193395],[103.410069,4.193457],[103.409958,4.194455],[103.410334,4.194641],[103.412136,4.195347],[103.414823,4.196997],[103.413911,4.198564],[103.415117,4.199753],[103.413701,4.200256],[103.413406,4.200522],[103.412887,4.201137],[103.414613,4.20248],[103.418201,4.205458],[103.419647,4.203969],[103.424951,4.208261],[103.425189,4.209655],[103.423998,4.210098],[103.423077,4.210827],[103.421362,4.212537],[103.421759,4.213868],[103.422218,4.213664],[103.422252,4.213635],[103.422386,4.213517],[103.422404,4.213503],[103.42242,4.21349],[103.422459,4.213459],[103.422524,4.213413],[103.422653,4.213311],[103.422709,4.213382],[103.422774,4.213331],[103.422794,4.213354],[103.423104,4.213137],[103.42305,4.21306],[103.423047,4.213046],[103.423048,4.213028],[103.423058,4.213011],[103.423073,4.212993],[103.4231,4.212979],[103.423135,4.212967],[103.423161,4.212961],[103.423169,4.212957],[103.423181,4.21295],[103.423196,4.212936],[103.423208,4.212917],[103.423206,4.2129],[103.4232,4.212861],[103.423194,4.212831],[103.423196,4.21281],[103.423204,4.212794],[103.42322,4.21278],[103.42325,4.212776],[103.423284,4.212766],[103.42331,4.212763],[103.423324,4.21277],[103.423351,4.212796],[103.423375,4.212824],[103.423387,4.21283],[103.423397,4.212833],[103.423414,4.212829],[103.423425,4.212824],[103.423437,4.212815],[103.423444,4.212804],[103.423448,4.21278],[103.423453,4.212756],[103.423466,4.212733],[103.423503,4.212703],[103.423611,4.212636],[103.423784,4.21252],[103.423845,4.212477],[103.423886,4.212437],[103.42391,4.212414],[103.423958,4.212364],[103.423993,4.212336],[103.424041,4.212302],[103.424088,4.212265],[103.424108,4.212255],[103.424159,4.212214],[103.424169,4.212209],[103.424296,4.212144],[103.424382,4.212112],[103.424435,4.212102],[103.424481,4.212093],[103.424506,4.212086],[103.424551,4.212058],[103.424604,4.212005],[103.424651,4.211939],[103.424677,4.211899],[103.424708,4.211868],[103.424752,4.211843],[103.424813,4.211815],[103.424926,4.211793],[103.425039,4.211771],[103.425116,4.211739],[103.425192,4.211689],[103.425246,4.211625],[103.425296,4.211561],[103.425339,4.211482],[103.425371,4.211388],[103.425389,4.21136],[103.425434,4.211347],[103.425473,4.21134],[103.425506,4.211357],[103.425541,4.211393],[103.425577,4.211452],[103.425612,4.211475],[103.425651,4.211495],[103.425671,4.211504],[103.425686,4.211507],[103.425701,4.211509],[103.425735,4.211507],[103.425808,4.211506],[103.425931,4.211494],[103.426031,4.211478],[103.426099,4.211467],[103.426153,4.211463],[103.426181,4.211462],[103.426248,4.211456],[103.426298,4.211457],[103.426344,4.211456],[103.426386,4.211454],[103.426402,4.211454],[103.426455,4.211454],[103.426501,4.211464],[103.426531,4.211473],[103.426546,4.211479],[103.426601,4.211501],[103.426652,4.211526],[103.426688,4.211544],[103.426717,4.211563],[103.426751,4.211576],[103.426773,4.211585],[103.426802,4.211591],[103.426838,4.211595],[103.42684,4.211642],[103.426843,4.211649],[103.426852,4.211655],[103.426893,4.211672],[103.42693,4.211683],[103.426986,4.2117],[103.427047,4.211708],[103.427125,4.211713],[103.42716,4.211714],[103.42716,4.211659],[103.427162,4.211642],[103.427168,4.211629],[103.427183,4.211616],[103.427215,4.211608],[103.427285,4.211593],[103.427324,4.211587],[103.427364,4.211585],[103.427398,4.211585],[103.427412,4.211586],[103.427424,4.211589],[103.427442,4.211593],[103.42748,4.211607],[103.427793,4.211619],[103.429143,4.211777],[103.429524,4.211333],[103.429461,4.211143],[103.432288,4.207976],[103.433542,4.208118],[103.434971,4.207057],[103.435337,4.207358],[103.436226,4.208815],[103.436147,4.209797],[103.434813,4.20986],[103.434844,4.21241],[103.435178,4.214026],[103.435724,4.214773],[103.435497,4.216199],[103.435861,4.21637],[103.436639,4.21637],[103.436818,4.216286],[103.438178,4.216043],[103.438409,4.212214],[103.438568,4.210793],[103.437913,4.210455],[103.438322,4.208087],[103.438894,4.20758],[103.439116,4.205505],[103.438767,4.205331],[103.439037,4.203272],[103.439831,4.203209],[103.440244,4.201514],[103.44072,4.198996],[103.440657,4.198473],[103.441124,4.196969],[103.439732,4.19675],[103.439082,4.1967],[103.438726,4.19693],[103.43864,4.196753],[103.438645,4.196692],[103.438595,4.196495]]]}},{"type":"Feature","properties":{"zone":"residential","osm":"residential"},"geometry":{"type":"Polygon","coordinates":[[[103.322049,3.962697],[103.325164,3.960964],[103.326226,3.962216],[103.325627,3.96269],[103.326973,3.964844],[103.325944,3.965995],[103.324598,3.966965],[103.324259,3.96657],[103.321523,3.967314],[103.321331,3.967168],[103.321365,3.965938],[103.3215,3.965825],[103.322246,3.965521],[103.322235,3.963366],[103.322049,3.962697]]]}},{"type":"Feature","properties":{"zone":"institutional","osm":"institution","name":"Pejabat Pendidikan Daerah Kemaman"},"geometry":{"type":"Polygon","coordinates":[[[103.388816,4.238711],[103.388809,4.238152],[103.388666,4.237991],[103.388684,4.237711],[103.389719,4.237949],[103.389866,4.237983],[103.39019,4.238059],[103.390179,4.238237],[103.390208,4.238244],[103.390194,4.239086],[103.388816,4.238711]]]}},{"type":"Feature","properties":{"zone":"industrial","osm":"industrial","name":"Terminal Gas Terengganu"},"geometry":{"type":"Polygon","coordinates":[[[103.453848,4.575458],[103.452967,4.575124],[103.453136,4.574618],[103.449474,4.57316],[103.449245,4.573069],[103.447884,4.576529],[103.450839,4.577618],[103.452745,4.578321],[103.452878,4.577975],[103.452914,4.577881],[103.453848,4.575458]]]}},{"type":"Feature","properties":{"zone":"recreation","osm":"park","name":"Stadium Mini Mak Chili"},"geometry":{"type":"Polygon","coordinates":[[[103.400823,4.246623],[103.400351,4.245592],[103.401309,4.244902],[103.402253,4.245253],[103.402784,4.246312],[103.401492,4.246827],[103.400929,4.246835],[103.400823,4.246623]]]}},{"type":"Feature","properties":{"zone":"residential","osm":"residential","name":"Flat Dusun Nyiur"},"geometry":{"type":"Polygon","coordinates":[[[103.428761,4.227229],[103.428582,4.226653],[103.429736,4.226305],[103.429906,4.226907],[103.428761,4.227229]]]}},{"type":"Feature","properties":{"zone":"residential","osm":"residential","name":"Flat Fikri"},"geometry":{"type":"Polygon","coordinates":[[[103.432259,4.205482],[103.430738,4.204057],[103.431737,4.203003],[103.433168,4.204353],[103.432929,4.204754],[103.432259,4.205482]]]}},{"type":"Feature","properties":{"zone":"residential","osm":"residential","name":"Taman Banggol Permai"},"geometry":{"type":"Polygon","coordinates":[[[103.425173,4.195007],[103.420455,4.191784],[103.423646,4.191279],[103.423461,4.189436],[103.425149,4.189243],[103.425857,4.195496],[103.425173,4.195007]]]}},{"type":"Feature","properties":{"zone":"residential","osm":"residential","name":"Taman Desa Solehah"},"geometry":{"type":"Polygon","coordinates":[[[103.401799,4.25904],[103.406842,4.253951],[103.406268,4.252672],[103.401906,4.255607],[103.401182,4.25737],[103.401799,4.25904]]]}},{"type":"Feature","properties":{"zone":"residential","osm":"residential","name":"Taman Sutera Mas"},"geometry":{"type":"Polygon","coordinates":[[[103.403204,4.26039],[103.40222,4.25911],[103.403281,4.257935],[103.403767,4.257886],[103.406879,4.254737],[103.409067,4.256561],[103.405593,4.258711],[103.403204,4.26039]]]}},{"type":"Feature","properties":{"zone":"residential","osm":"residential","name":"Taman Alam Perdana Pasir Semut"},"geometry":{"type":"Polygon","coordinates":[[[103.355623,4.220947],[103.35657,4.220556],[103.358058,4.218909],[103.362347,4.216494],[103.360453,4.21358],[103.358613,4.212271],[103.35477,4.215455],[103.351104,4.222256],[103.355447,4.223043],[103.355677,4.222836],[103.355623,4.220947]]]}},{"type":"Feature","properties":{"zone":"residential","osm":"residential","name":"Taman Semarak Binjai"},"geometry":{"type":"Polygon","coordinates":[[[103.366381,4.230444],[103.369787,4.232925],[103.370495,4.229519],[103.37016,4.227334],[103.367816,4.225951],[103.366869,4.226122],[103.365003,4.227201],[103.364726,4.22783],[103.366161,4.228374],[103.366381,4.230444]]]}},{"type":"Feature","properties":{"zone":"residential","osm":"residential","name":"Taman Binjai Tok Kapor"},"geometry":{"type":"Polygon","coordinates":[[[103.361171,4.237237],[103.360318,4.235002],[103.362355,4.234526],[103.363083,4.236648],[103.361171,4.237237]]]}},{"type":"Feature","properties":{"zone":"residential","osm":"residential","name":"Taman Seroja 2"},"geometry":{"type":"Polygon","coordinates":[[[103.376966,4.236783],[103.376159,4.236045],[103.376163,4.235646],[103.376239,4.234774],[103.378048,4.235058],[103.378036,4.234173],[103.37867,4.232613],[103.380118,4.232993],[103.380835,4.240004],[103.379026,4.239573],[103.379026,4.238734],[103.379174,4.237951],[103.378378,4.237599],[103.376966,4.236783]]]}},{"type":"Feature","properties":{"zone":"residential","osm":"residential","name":"Taman Samudera"},"geometry":{"type":"Polygon","coordinates":[[[103.384013,4.234364],[103.38215,4.233357],[103.382418,4.231756],[103.384936,4.230975],[103.385452,4.233893],[103.385447,4.234899],[103.385296,4.235312],[103.384013,4.234364]]]}},{"type":"Feature","properties":{"zone":"recreation","osm":"park","name":"Taman Persiaran"},"geometry":{"type":"Polygon","coordinates":[[[103.428662,4.231836],[103.428447,4.231507],[103.428788,4.231317],[103.4289,4.231047],[103.428954,4.230694],[103.429029,4.230336],[103.429298,4.230272],[103.428949,4.23124],[103.428807,4.231689],[103.428662,4.231836]]]}},{"type":"Feature","properties":{"zone":"residential","osm":"residential"},"geometry":{"type":"Polygon","coordinates":[[[103.417833,4.242184],[103.41687,4.240802],[103.417011,4.240745],[103.417978,4.24209],[103.417833,4.242184]]]}},{"type":"Feature","properties":{"zone":"residential","osm":"residential"},"geometry":{"type":"Polygon","coordinates":[[[103.418056,4.241968],[103.417261,4.240731],[103.417403,4.240634],[103.418143,4.241874],[103.418056,4.241968]]]}},{"type":"Feature","properties":{"zone":"residential","osm":"residential"},"geometry":{"type":"Polygon","coordinates":[[[103.408107,4.241207],[103.407698,4.239913],[103.407874,4.239862],[103.40833,4.241116],[103.408107,4.241207]]]}},{"type":"Feature","properties":{"zone":"residential","osm":"residential"},"geometry":{"type":"Polygon","coordinates":[[[103.407816,4.241358],[103.407999,4.241291],[103.407566,4.23996],[103.40739,4.24002],[103.407816,4.241358]]]}},{"type":"Feature","properties":{"zone":"residential","osm":"residential"},"geometry":{"type":"Polygon","coordinates":[[[103.407559,4.241325],[103.407738,4.24124],[103.407377,4.240047],[103.407211,4.240132],[103.407559,4.241325]]]}},{"type":"Feature","properties":{"zone":"residential","osm":"residential"},"geometry":{"type":"Polygon","coordinates":[[[103.404525,4.239879],[103.40469,4.239825],[103.404464,4.238763],[103.404268,4.238804],[103.404525,4.239879]]]}},{"type":"Feature","properties":{"zone":"residential","osm":"residential"},"geometry":{"type":"Polygon","coordinates":[[[103.401416,4.24216],[103.401554,4.242184],[103.401747,4.24118],[103.401365,4.241112],[103.401345,4.241244],[103.401544,4.241294],[103.401416,4.24216]]]}},{"type":"Feature","properties":{"zone":"residential","osm":"residential"},"geometry":{"type":"Polygon","coordinates":[[[103.438951,4.202834],[103.439563,4.20292],[103.439785,4.201791],[103.43889,4.201609],[103.43884,4.20212],[103.438947,4.202145],[103.438958,4.202463],[103.438951,4.202834]]]}},{"type":"Feature","properties":{"zone":"residential","osm":"residential","name":"Taman Jaya Ehsan"},"geometry":{"type":"Polygon","coordinates":[[[103.398879,4.238109],[103.398081,4.237861],[103.39811,4.237666],[103.398932,4.237923],[103.398879,4.238109]]]}},{"type":"Feature","properties":{"zone":"residential","osm":"residential"},"geometry":{"type":"Polygon","coordinates":[[[103.398921,4.237862],[103.398983,4.237709],[103.398213,4.23748],[103.398122,4.237638],[103.398921,4.237862]]]}},{"type":"Feature","properties":{"zone":"residential","osm":"residential"},"geometry":{"type":"Polygon","coordinates":[[[103.382574,4.235667],[103.382695,4.23572],[103.382968,4.234154],[103.382801,4.234101],[103.382574,4.235667]]]}},{"type":"Feature","properties":{"zone":"residential","osm":"residential","name":"Taman Koperasi Perdana"},"geometry":{"type":"Polygon","coordinates":[[[103.378892,4.230902],[103.379847,4.23081],[103.378949,4.224415],[103.37815,4.224079],[103.376545,4.224201],[103.376732,4.229713],[103.377231,4.230243],[103.378827,4.230497],[103.378892,4.230902]]]}},{"type":"Feature","properties":{"zone":"residential","osm":"residential","name":"Bandar Baru Bukit Mentok"},"geometry":{"type":"Polygon","coordinates":[[[103.399821,4.23637],[103.400485,4.236543],[103.402522,4.236018],[103.401895,4.232859],[103.406492,4.231962],[103.408068,4.23015],[103.406508,4.229268],[103.404981,4.226303],[103.403791,4.2268],[103.402007,4.225597],[103.401364,4.226527],[103.399242,4.228451],[103.398213,4.229798],[103.397988,4.231753],[103.398953,4.231721],[103.400287,4.231545],[103.399821,4.23637]]]}},{"type":"Feature","properties":{"zone":"residential","osm":"residential","name":"Taman Bukit Mentok"},"geometry":{"type":"Polygon","coordinates":[[[103.413412,4.225637],[103.416818,4.226823],[103.416534,4.228279],[103.413128,4.227969],[103.413412,4.225637]]]}},{"type":"Feature","properties":{"zone":"recreation","osm":"park","name":"Dataran Kuala Kemaman"},"geometry":{"type":"Polygon","coordinates":[[[103.441836,4.232674],[103.442516,4.23236],[103.4447,4.23593],[103.444421,4.236016],[103.443089,4.23393],[103.441836,4.232674]]]}},{"type":"Feature","properties":{"zone":"residential","osm":"residential","name":"Kuarters Polis Bukit Mentok"},"geometry":{"type":"Polygon","coordinates":[[[103.406087,4.227146],[103.406801,4.226975],[103.406724,4.226415],[103.407075,4.226383],[103.407037,4.225957],[103.407554,4.225766],[103.407643,4.225111],[103.406763,4.224697],[103.405934,4.223959],[103.405678,4.223927],[103.40563,4.223723],[103.405341,4.223708],[103.405953,4.226421],[103.406087,4.227146]]]}},{"type":"Feature","properties":{"zone":"institutional","osm":"cemetery","name":"Tanah Perkuburan Bukit Mentok"},"geometry":{"type":"Polygon","coordinates":[[[103.404278,4.223279],[103.404659,4.223024],[103.405018,4.222859],[103.404999,4.222693],[103.405187,4.222677],[103.405141,4.221825],[103.403987,4.22256],[103.403961,4.22296],[103.404278,4.223279]]]}},{"type":"Feature","properties":{"zone":"industrial","osm":"industrial","name":"Schlumberger"},"geometry":{"type":"Polygon","coordinates":[[[103.453075,4.252324],[103.455415,4.251611],[103.455094,4.250599],[103.454018,4.250951],[103.453575,4.251704],[103.45342,4.251636],[103.453075,4.252324]]]}},{"type":"Feature","properties":{"zone":"industrial","osm":"industrial","name":"Setegap Ventures Petroleum Sdn. Bhd."},"geometry":{"type":"Polygon","coordinates":[[[103.455478,4.251327],[103.455349,4.250895],[103.455937,4.250454],[103.456159,4.250751],[103.455478,4.251327]]]}},{"type":"Feature","properties":{"zone":"industrial","osm":"industrial","name":"Perwaja Steel Teluk Kalong"},"geometry":{"type":"Polygon","coordinates":[[[103.452187,4.270633],[103.466125,4.270713],[103.467524,4.266754],[103.468167,4.262153],[103.461983,4.260841],[103.459662,4.260829],[103.458921,4.261624],[103.456195,4.263451],[103.454727,4.264301],[103.452187,4.267106],[103.452187,4.270633]]]}},{"type":"Feature","properties":{"zone":"industrial","osm":"industrial","name":"Kemaman Supply Base Fasa 1"},"geometry":{"type":"Polygon","coordinates":[[[103.459194,4.259976],[103.462475,4.260666],[103.462642,4.259854],[103.462653,4.259577],[103.462676,4.259317],[103.462753,4.259096],[103.462901,4.258848],[103.462189,4.258119],[103.461875,4.258455],[103.461106,4.257604],[103.461146,4.257416],[103.46135,4.257121],[103.462535,4.258112],[103.463054,4.258668],[103.463405,4.258413],[103.463913,4.258124],[103.464808,4.258115],[103.464808,4.258408],[103.466173,4.258397],[103.466179,4.259158],[103.46486,4.25916],[103.464863,4.259739],[103.464455,4.259595],[103.464307,4.259591],[103.463375,4.259045],[103.463379,4.259435],[103.462823,4.259429],[103.46281,4.260659],[103.462942,4.260794],[103.465902,4.261406],[103.468763,4.261986],[103.46886,4.261966],[103.468965,4.261891],[103.469079,4.261771],[103.47123,4.257912],[103.471284,4.257746],[103.471351,4.257506],[103.471349,4.257198],[103.471291,4.256748],[103.471176,4.255981],[103.470286,4.256176],[103.470418,4.256826],[103.470217,4.256695],[103.469842,4.256904],[103.469824,4.257116],[103.469162,4.257113],[103.469159,4.256981],[103.465877,4.256996],[103.465879,4.257128],[103.466027,4.257129],[103.46603,4.257269],[103.465298,4.25727],[103.46522,4.256875],[103.464754,4.256826],[103.464619,4.257075],[103.463974,4.2569],[103.462232,4.256024],[103.460786,4.254615],[103.460007,4.255116],[103.459438,4.257431],[103.459073,4.259694],[103.459194,4.259976]]]}},{"type":"Feature","properties":{"zone":"industrial","osm":"industrial","name":"Kemaman Supply Base Fasa 2"},"geometry":{"type":"Polygon","coordinates":[[[103.458846,4.25776],[103.459108,4.255422],[103.460813,4.25437],[103.461326,4.254895],[103.462629,4.254783],[103.462597,4.254285],[103.461857,4.254275],[103.461294,4.24969],[103.460564,4.249626],[103.46043,4.248984],[103.459858,4.248961],[103.459775,4.2467],[103.457922,4.246894],[103.457287,4.247177],[103.456197,4.24793],[103.455173,4.247727],[103.454693,4.2487],[103.454465,4.249535],[103.454003,4.24999],[103.451954,4.253964],[103.451983,4.256433],[103.451989,4.257605],[103.452003,4.258383],[103.453193,4.258105],[103.455613,4.25858],[103.456144,4.2591],[103.457323,4.259243],[103.458647,4.259398],[103.458846,4.25776]]]}},{"type":"Feature","properties":{"zone":"residential","osm":"residential","name":"Taman Perwaja"},"geometry":{"type":"Polygon","coordinates":[[[103.433293,4.189311],[103.434739,4.188942],[103.435141,4.189215],[103.436836,4.188846],[103.436058,4.185143],[103.43265,4.184593],[103.433293,4.189311]]]}},{"type":"Feature","properties":{"zone":"institutional","osm":"religious","name":"PERKIM Cawangan Kemaman"},"geometry":{"type":"Polygon","coordinates":[[[103.439977,4.199444],[103.439442,4.199312],[103.43966,4.198575],[103.440169,4.198623],[103.439977,4.199444]]]}},{"type":"Feature","properties":{"zone":"recreation","osm":"park","name":"Pantai Teluk Mak Nik"},"geometry":{"type":"Polygon","coordinates":[[[103.439584,4.198178],[103.440925,4.198471],[103.441142,4.198362],[103.441497,4.197138],[103.439937,4.196854],[103.439584,4.198178]]]}},{"type":"Feature","properties":{"zone":"residential","osm":"residential","name":"Taman Desa Impian"},"geometry":{"type":"Polygon","coordinates":[[[103.36801,4.235451],[103.367045,4.234782],[103.367569,4.233767],[103.368628,4.234426],[103.36801,4.235451]]]}},{"type":"Feature","properties":{"zone":"institutional","osm":"civic_safety","name":"Agensi Penguatkuasaan Maritim Malaysia (Teluk Kalong)"},"geometry":{"type":"Polygon","coordinates":[[[103.440977,4.244642],[103.44059,4.244509],[103.440428,4.243955],[103.439089,4.244405],[103.438991,4.244279],[103.439058,4.244025],[103.439112,4.243878],[103.439168,4.243776],[103.439206,4.243722],[103.439262,4.243674],[103.43938,4.243607],[103.439581,4.243535],[103.439927,4.243428],[103.440308,4.243318],[103.440573,4.24323],[103.441217,4.243006],[103.441352,4.24296],[103.441387,4.242949],[103.442242,4.242673],[103.442574,4.242562],[103.442821,4.242484],[103.442961,4.242781],[103.441976,4.243554],[103.441944,4.24374],[103.441713,4.243827],[103.441916,4.244467],[103.441506,4.244614],[103.440977,4.244642]]]}},{"type":"Feature","properties":{"zone":"industrial","osm":"harbour"},"geometry":{"type":"Polygon","coordinates":[[[103.435797,4.251986],[103.43645,4.251481],[103.437175,4.251493],[103.437489,4.251734],[103.43773,4.25175],[103.437824,4.251533],[103.437869,4.250279],[103.437261,4.249949],[103.437117,4.249688],[103.435845,4.24965],[103.435806,4.249811],[103.435687,4.249941],[103.435558,4.250447],[103.435553,4.250672],[103.435552,4.250712],[103.435524,4.250876],[103.435513,4.250937],[103.43549,4.251071],[103.435442,4.251342],[103.435437,4.251426],[103.435429,4.251534],[103.435406,4.251868],[103.435399,4.251986],[103.43535,4.252319],[103.435342,4.252434],[103.435362,4.252527],[103.43557,4.25339],[103.435641,4.253571],[103.435571,4.253696],[103.435648,4.253787],[103.43572,4.25383],[103.435704,4.253882],[103.43569,4.253927],[103.435443,4.253894],[103.435418,4.253943],[103.435595,4.253994],[103.435469,4.254379],[103.435259,4.254818],[103.43515,4.254906],[103.435039,4.254903],[103.434995,4.255353],[103.435699,4.255743],[103.435732,4.254697],[103.435969,4.254112],[103.436253,4.253445],[103.436258,4.253247],[103.436108,4.253061],[103.435791,4.253],[103.435563,4.252822],[103.435617,4.252144],[103.435797,4.251986]]]}},{"type":"Feature","properties":{"zone":"industrial","osm":"industrial","name":"palm oil mill"},"geometry":{"type":"Polygon","coordinates":[[[103.217993,4.139325],[103.219448,4.138597],[103.221379,4.140059],[103.221479,4.141204],[103.222444,4.141118],[103.22244,4.141788],[103.222415,4.142074],[103.222487,4.143197],[103.222093,4.14346],[103.221868,4.143172],[103.22179,4.142427],[103.221675,4.142337],[103.221389,4.142298],[103.220896,4.142042],[103.220127,4.142059],[103.220052,4.142566],[103.217972,4.142216],[103.217461,4.141656],[103.217943,4.141004],[103.218129,4.140473],[103.218136,4.140141],[103.218193,4.139995],[103.217807,4.139899],[103.217993,4.139325]]]}},{"type":"Feature","properties":{"zone":"recreation","osm":"grass"},"geometry":{"type":"Polygon","coordinates":[[[103.178353,4.120177],[103.179162,4.120483],[103.179599,4.118602],[103.179183,4.118521],[103.178794,4.118719],[103.178701,4.119163],[103.178567,4.119252],[103.178567,4.119506],[103.178353,4.120177]]]}},{"type":"Feature","properties":{"zone":"industrial","osm":"industrial"},"geometry":{"type":"Polygon","coordinates":[[[103.44703,4.55926],[103.448483,4.559717],[103.448824,4.558658],[103.4473,4.558209],[103.44703,4.55926]]]}},{"type":"Feature","properties":{"zone":"industrial","osm":"industrial","name":"Terminal Minyak Kerteh"},"geometry":{"type":"Polygon","coordinates":[[[103.454167,4.578734],[103.459678,4.580891],[103.459497,4.581807],[103.459103,4.58273],[103.459076,4.582833],[103.45787,4.584901],[103.452601,4.582561],[103.454167,4.578734]]]}},{"type":"Feature","properties":{"zone":"industrial","osm":"industrial"},"geometry":{"type":"Polygon","coordinates":[[[103.431671,4.579909],[103.431722,4.579791],[103.432369,4.579604],[103.432696,4.578254],[103.434976,4.578775],[103.434364,4.581264],[103.43195,4.580719],[103.431671,4.579909]]]}},{"type":"Feature","properties":{"zone":"residential","osm":"residential"},"geometry":{"type":"Polygon","coordinates":[[[103.436984,4.507509],[103.437099,4.507282],[103.437185,4.507112],[103.43733,4.506908],[103.437433,4.506773],[103.43752,4.506647],[103.437635,4.506503],[103.43773,4.506408],[103.437854,4.506336],[103.437926,4.506296],[103.437781,4.506122],[103.43769,4.506032],[103.437303,4.5063],[103.437078,4.506584],[103.436897,4.506863],[103.436588,4.507438],[103.436984,4.507509]]]}},{"type":"Feature","properties":{"zone":"residential","osm":"residential"},"geometry":{"type":"Polygon","coordinates":[[[103.436219,4.506435],[103.43677,4.506748],[103.437032,4.506415],[103.436692,4.506234],[103.436456,4.50611],[103.436291,4.506058],[103.436219,4.506176],[103.436219,4.506435]]]}},{"type":"Feature","properties":{"zone":"residential","osm":"residential"},"geometry":{"type":"Polygon","coordinates":[[[103.436312,4.505918],[103.436701,4.506058],[103.436813,4.506179],[103.436998,4.506331],[103.437225,4.506214],[103.436753,4.50555],[103.436568,4.505705],[103.436352,4.505673],[103.436312,4.505918]]]}},{"type":"Feature","properties":{"zone":"residential","osm":"residential"},"geometry":{"type":"Polygon","coordinates":[[[103.436358,4.505538],[103.436453,4.505265],[103.436562,4.505317],[103.43645,4.50557],[103.436358,4.505538]]]}},{"type":"Feature","properties":{"zone":"residential","osm":"residential"},"geometry":{"type":"Polygon","coordinates":[[[103.437283,4.506136],[103.437603,4.505923],[103.437208,4.505363],[103.436977,4.505081],[103.436776,4.504831],[103.436539,4.504639],[103.436219,4.504463],[103.435965,4.50442],[103.435844,4.504403],[103.435804,4.504607],[103.435827,4.504799],[103.436049,4.504805],[103.436242,4.504857],[103.436415,4.504946],[103.436536,4.505107],[103.436712,4.505277],[103.436842,4.505504],[103.43696,4.505656],[103.437101,4.505863],[103.437283,4.506136]]]}},{"type":"Feature","properties":{"zone":"residential","osm":"residential"},"geometry":{"type":"Polygon","coordinates":[[[103.435672,4.506374],[103.436045,4.506377],[103.436222,4.505323],[103.43634,4.505107],[103.436109,4.504951],[103.4358,4.504905],[103.435672,4.506374]]]}},{"type":"Feature","properties":{"zone":"residential","osm":"residential"},"geometry":{"type":"Polygon","coordinates":[[[103.435747,4.509392],[103.436554,4.509204],[103.436533,4.508861],[103.435677,4.509065],[103.435747,4.509392]]]}},{"type":"Feature","properties":{"zone":"residential","osm":"residential"},"geometry":{"type":"Polygon","coordinates":[[[103.436151,4.508738],[103.436484,4.508689],[103.43642,4.507815],[103.436108,4.507799],[103.436151,4.508738]]]}},{"type":"Feature","properties":{"zone":"residential","osm":"residential"},"geometry":{"type":"Polygon","coordinates":[[[103.43565,4.50885],[103.435984,4.508813],[103.435946,4.507938],[103.435941,4.507289],[103.435941,4.507193],[103.43558,4.507161],[103.43557,4.507778],[103.43558,4.50833],[103.43565,4.50885]]]}},{"type":"Feature","properties":{"zone":"residential","osm":"residential"},"geometry":{"type":"Polygon","coordinates":[[[103.436084,4.507687],[103.436419,4.507661],[103.436499,4.507318],[103.436571,4.507083],[103.4367,4.506898],[103.436281,4.506611],[103.436117,4.506525],[103.435913,4.506511],[103.435656,4.506499],[103.435611,4.506877],[103.436019,4.506905],[103.436093,4.507015],[103.436082,4.507197],[103.43608,4.507603],[103.436084,4.507687]]]}},{"type":"Feature","properties":{"zone":"residential","osm":"residential"},"geometry":{"type":"Polygon","coordinates":[[[103.438298,4.507984],[103.438556,4.508241],[103.439175,4.507661],[103.438818,4.507238],[103.438502,4.506946],[103.438179,4.506585],[103.438027,4.506426],[103.437876,4.506525],[103.437737,4.506691],[103.437991,4.506967],[103.438224,4.507213],[103.438451,4.507397],[103.438589,4.50759],[103.438657,4.507625],[103.438811,4.507496],[103.438731,4.507673],[103.438666,4.507729],[103.438575,4.507669],[103.4384,4.507846],[103.438344,4.507905],[103.438289,4.507963],[103.438298,4.507984]]]}},{"type":"Feature","properties":{"zone":"residential","osm":"residential"},"geometry":{"type":"Polygon","coordinates":[[[103.437785,4.5073],[103.437952,4.507107],[103.438423,4.507549],[103.438462,4.507616],[103.438403,4.507692],[103.438203,4.507903],[103.437975,4.507708],[103.437793,4.507618],[103.437716,4.507547],[103.437461,4.50754],[103.43731,4.507563],[103.437198,4.507507],[103.437228,4.507363],[103.437278,4.507218],[103.437404,4.507062],[103.4375,4.506884],[103.437564,4.506806],[103.437697,4.506903],[103.43784,4.507013],[103.437697,4.507231],[103.437652,4.507293],[103.437741,4.50734],[103.437785,4.5073]]]}},{"type":"Feature","properties":{"zone":"residential","osm":"residential"},"geometry":{"type":"Polygon","coordinates":[[[103.434422,4.488661],[103.435345,4.488363],[103.435308,4.488167],[103.434371,4.488414],[103.434422,4.488661]]]}},{"type":"Feature","properties":{"zone":"residential","osm":"residential"},"geometry":{"type":"Polygon","coordinates":[[[103.434577,4.489577],[103.435233,4.489217],[103.435214,4.489082],[103.434526,4.489385],[103.434577,4.489577]]]}},{"type":"Feature","properties":{"zone":"residential","osm":"residential"},"geometry":{"type":"Polygon","coordinates":[[[103.447659,4.519966],[103.447734,4.520077],[103.447785,4.519906],[103.447689,4.519864],[103.44768,4.519904],[103.44764,4.519889],[103.447621,4.51992],[103.447662,4.519935],[103.447659,4.519966]]]}},{"type":"Feature","properties":{"zone":"residential","osm":"residential"},"geometry":{"type":"Polygon","coordinates":[[[103.447982,4.519956],[103.447837,4.519889],[103.447883,4.519769],[103.447999,4.519821],[103.448078,4.519856],[103.447982,4.519956]]]}},{"type":"Feature","properties":{"zone":"residential","osm":"residential"},"geometry":{"type":"Polygon","coordinates":[[[103.447722,4.519789],[103.447822,4.51982],[103.447868,4.519711],[103.447828,4.519688],[103.447817,4.519731],[103.447726,4.519694],[103.447722,4.519789]]]}},{"type":"Feature","properties":{"zone":"residential","osm":"residential"},"geometry":{"type":"Polygon","coordinates":[[[103.447937,4.519777],[103.448003,4.519808],[103.448028,4.519765],[103.447944,4.519737],[103.447937,4.519777]]]}},{"type":"Feature","properties":{"zone":"residential","osm":"residential"},"geometry":{"type":"Polygon","coordinates":[[[103.447952,4.5197],[103.448075,4.51975],[103.448112,4.519701],[103.447957,4.519646],[103.447952,4.5197]]]}},{"type":"Feature","properties":{"zone":"residential","osm":"residential"},"geometry":{"type":"Polygon","coordinates":[[[103.447724,4.519626],[103.447863,4.519684],[103.447917,4.519557],[103.447778,4.519499],[103.447749,4.519567],[103.447731,4.51956],[103.447706,4.519618],[103.447724,4.519626]]]}},{"type":"Feature","properties":{"zone":"residential","osm":"residential"},"geometry":{"type":"Polygon","coordinates":[[[103.448562,4.517882],[103.448626,4.51794],[103.448692,4.517922],[103.448619,4.517835],[103.448562,4.517882]]]}},{"type":"Feature","properties":{"zone":"residential","osm":"residential"},"geometry":{"type":"Polygon","coordinates":[[[103.448755,4.51773],[103.44871,4.517668],[103.448787,4.517612],[103.448832,4.517675],[103.448755,4.51773]]]}},{"type":"Feature","properties":{"zone":"residential","osm":"residential"},"geometry":{"type":"Polygon","coordinates":[[[103.4496,4.517],[103.449729,4.51692],[103.449423,4.516491],[103.449134,4.516106],[103.449299,4.515994],[103.44942,4.515934],[103.449445,4.515841],[103.449362,4.515745],[103.449132,4.515891],[103.449026,4.515919],[103.448778,4.515626],[103.448566,4.515384],[103.448419,4.51549],[103.4496,4.517]]]}},{"type":"Feature","properties":{"zone":"water","osm":"reservoir"},"geometry":{"type":"Polygon","coordinates":[[[103.332886,4.229029],[103.333001,4.228941],[103.33321,4.228807],[103.333414,4.228708],[103.333615,4.228644],[103.333846,4.228599],[103.33413,4.228567],[103.335131,4.22847],[103.33564,4.228422],[103.335852,4.228414],[103.335975,4.228435],[103.336077,4.228481],[103.336209,4.228577],[103.336297,4.228674],[103.336405,4.22885],[103.33649,4.22912],[103.336504,4.229259],[103.336496,4.22938],[103.336445,4.229578],[103.336372,4.229725],[103.336281,4.229861],[103.33601,4.230142],[103.335718,4.230383],[103.335549,4.230476],[103.335361,4.230554],[103.335187,4.230605],[103.335007,4.23064],[103.334581,4.230664],[103.333299,4.230704],[103.333162,4.230709],[103.333068,4.230698],[103.332944,4.230653],[103.332848,4.230592],[103.332749,4.23049],[103.332674,4.230399],[103.332612,4.230233],[103.332582,4.230048],[103.332574,4.229834],[103.332615,4.229586],[103.332682,4.229337],[103.332778,4.229158],[103.332886,4.229029]]]}},{"type":"Feature","properties":{"zone":"recreation","osm":"recreation_ground"},"geometry":{"type":"Polygon","coordinates":[[[103.435414,4.496292],[103.435432,4.496257],[103.435469,4.496231],[103.435841,4.496212],[103.4359,4.496266],[103.435923,4.496736],[103.435901,4.496755],[103.435865,4.496771],[103.435496,4.496786],[103.435453,4.49677],[103.435434,4.496743],[103.435414,4.496292]]]}},{"type":"Feature","properties":{"zone":"recreation","osm":"grass"},"geometry":{"type":"Polygon","coordinates":[[[103.446592,4.448957],[103.447637,4.449393],[103.446783,4.451429],[103.445739,4.450994],[103.446592,4.448957]]]}},{"type":"Feature","properties":{"zone":"commercial","osm":"retail"},"geometry":{"type":"Polygon","coordinates":[[[103.408464,4.193],[103.410069,4.193457],[103.410262,4.193395],[103.411004,4.190788],[103.410879,4.190648],[103.409292,4.190196],[103.408464,4.193]]]}},{"type":"Feature","properties":{"zone":"residential","osm":"residential"},"geometry":{"type":"Polygon","coordinates":[[[103.452857,4.332206],[103.453305,4.329268],[103.455165,4.3298],[103.455079,4.330095],[103.455708,4.330257],[103.455432,4.331084],[103.455565,4.331331],[103.460887,4.3333],[103.460069,4.335132],[103.459845,4.335634],[103.458465,4.33873],[103.455089,4.337037],[103.452809,4.333528],[103.452952,4.333204],[103.453591,4.332853],[103.453601,4.332596],[103.452857,4.332206]]]}},{"type":"Feature","properties":{"zone":"industrial","osm":"industrial"},"geometry":{"type":"Polygon","coordinates":[[[103.45241,4.28505],[103.452794,4.271465],[103.45846,4.271057],[103.466169,4.270989],[103.465681,4.275626],[103.465254,4.279129],[103.465241,4.28268],[103.460722,4.282541],[103.45965,4.283469],[103.455847,4.285014],[103.45241,4.28505]]]}},{"type":"Feature","properties":{"zone":"institutional","osm":"religious","name":"Surau"},"geometry":{"type":"Polygon","coordinates":[[[103.434831,4.50378],[103.43499,4.503708],[103.434995,4.503719],[103.435206,4.503694],[103.435251,4.504073],[103.434848,4.504093],[103.434844,4.503984],[103.434831,4.50378]]]}},{"type":"Feature","properties":{"zone":"institutional","osm":"religious","name":"Surau"},"geometry":{"type":"Polygon","coordinates":[[[103.438705,4.465383],[103.439092,4.465414],[103.439431,4.465441],[103.439751,4.465466],[103.439794,4.465485],[103.43982,4.465518],[103.439837,4.466255],[103.43982,4.466283],[103.439785,4.466304],[103.438747,4.466324],[103.438722,4.466308],[103.438708,4.466283],[103.438705,4.465383]]]}},{"type":"Feature","properties":{"zone":"industrial","osm":"quarry"},"geometry":{"type":"Polygon","coordinates":[[[103.474892,4.288057],[103.475257,4.289517],[103.475515,4.289442],[103.475574,4.289154],[103.476491,4.288939],[103.476861,4.289239],[103.478631,4.288351],[103.479441,4.288554],[103.479119,4.289453],[103.478594,4.289507],[103.478363,4.290025],[103.478653,4.290395],[103.478621,4.290753],[103.478873,4.291465],[103.47927,4.291705],[103.479297,4.291994],[103.479227,4.292754],[103.479704,4.292476],[103.480209,4.293171],[103.480718,4.293272],[103.481233,4.294134],[103.48134,4.29446],[103.480702,4.294107],[103.480477,4.294786],[103.479661,4.29523],[103.480729,4.295177],[103.48141,4.294781],[103.481426,4.295423],[103.481861,4.295637],[103.482279,4.295605],[103.482456,4.296017],[103.482268,4.296541],[103.483931,4.297408],[103.484398,4.297006],[103.484382,4.296273],[103.485074,4.296616],[103.486184,4.296867],[103.486576,4.297921],[103.486876,4.297798],[103.486882,4.297236],[103.487107,4.296889],[103.487137,4.296782],[103.487204,4.296573],[103.487228,4.29637],[103.487174,4.296025],[103.487096,4.295666],[103.486994,4.295343],[103.486825,4.294867],[103.48648,4.294286],[103.486268,4.294005],[103.486075,4.293797],[103.485793,4.293599],[103.485517,4.293454],[103.485216,4.293315],[103.485028,4.293219],[103.484886,4.293112],[103.484755,4.292954],[103.484623,4.292732],[103.484307,4.292157],[103.484065,4.291759],[103.483776,4.291299],[103.483682,4.291103],[103.48365,4.290889],[103.483636,4.29055],[103.483658,4.290199],[103.483711,4.289771],[103.483776,4.289293],[103.483813,4.288907],[103.483829,4.288651],[103.483771,4.288506],[103.483744,4.288426],[103.48354,4.28834],[103.483333,4.288335],[103.483054,4.288445],[103.482762,4.288552],[103.482625,4.288552],[103.48248,4.288528],[103.482247,4.288453],[103.482067,4.288378],[103.482008,4.288319],[103.482,4.288236],[103.482043,4.288049],[103.482059,4.287747],[103.482062,4.287282],[103.482057,4.286987],[103.482035,4.286896],[103.481987,4.286835],[103.481962,4.286809],[103.481839,4.286701],[103.48177,4.286655],[103.481662,4.286596],[103.481595,4.28653],[103.481523,4.286431],[103.481397,4.286278],[103.481147,4.286104],[103.480514,4.285741],[103.480707,4.286971],[103.480648,4.287233],[103.480327,4.287399],[103.479892,4.286976],[103.479216,4.287276],[103.478079,4.287051],[103.477092,4.287324],[103.476587,4.287308],[103.476416,4.287731],[103.474892,4.288057]]]}},{"type":"Feature","properties":{"zone":"water","osm":"basin"},"geometry":{"type":"Polygon","coordinates":[[[103.452756,4.590742],[103.453003,4.590849],[103.452676,4.591657],[103.452407,4.592218],[103.452064,4.593009],[103.451823,4.592908],[103.452289,4.591868],[103.452756,4.590742]]]}},{"type":"Feature","properties":{"zone":"water","osm":"basin"},"geometry":{"type":"Polygon","coordinates":[[[103.459765,4.554124],[103.460556,4.554329],[103.460577,4.554351],[103.460595,4.554375],[103.46061,4.554402],[103.46062,4.554431],[103.460625,4.554462],[103.460625,4.554494],[103.46062,4.554525],[103.460108,4.555963],[103.459185,4.555626],[103.459765,4.554124]]]}},{"type":"Feature","properties":{"zone":"water","osm":"basin"},"geometry":{"type":"Polygon","coordinates":[[[103.463099,4.56884],[103.463233,4.568888],[103.463303,4.568778],[103.463659,4.568931],[103.462833,4.570316],[103.462533,4.570187],[103.462661,4.569931],[103.462991,4.569006],[103.463099,4.56884]]]}},{"type":"Feature","properties":{"zone":"residential","osm":"residential","name":"Taman Meraga"},"geometry":{"type":"Polygon","coordinates":[[[103.460325,4.368965],[103.459105,4.368302],[103.459234,4.368112],[103.459306,4.368131],[103.460462,4.368722],[103.460325,4.368965]]]}},{"type":"Feature","properties":{"zone":"industrial","osm":"industrial","name":"Petronas Centralized Unit Facilities Kerteh"},"geometry":{"type":"Polygon","coordinates":[[[103.443294,4.584114],[103.443806,4.582812],[103.445796,4.58359],[103.445284,4.584891],[103.443294,4.584114]]]}},{"type":"Feature","properties":{"zone":"industrial","osm":"industrial"},"geometry":{"type":"Polygon","coordinates":[[[103.433667,4.519933],[103.434007,4.517801],[103.434778,4.516686],[103.43384,4.515273],[103.431562,4.516783],[103.433667,4.519933]]]}},{"type":"Feature","properties":{"zone":"residential","osm":"residential"},"geometry":{"type":"Polygon","coordinates":[[[103.397441,4.237474],[103.397436,4.237377],[103.397372,4.237379],[103.39737,4.237334],[103.397432,4.237331],[103.397425,4.237248],[103.397107,4.237273],[103.397124,4.237491],[103.397441,4.237474]]]}},{"type":"Feature","properties":{"zone":"recreation","osm":"park"},"geometry":{"type":"Polygon","coordinates":[[[103.397487,4.238935],[103.397694,4.238256],[103.397632,4.238256],[103.397534,4.238265],[103.397441,4.238284],[103.397376,4.238299],[103.397306,4.238317],[103.397238,4.238345],[103.397173,4.238373],[103.397111,4.238406],[103.397038,4.238446],[103.39697,4.238489],[103.396893,4.238539],[103.396837,4.238582],[103.396794,4.238628],[103.396757,4.23868],[103.396745,4.238714],[103.397487,4.238935]]]}},{"type":"Feature","properties":{"zone":"agriculture","osm":"orchard"},"geometry":{"type":"Polygon","coordinates":[[[103.264575,4.153754],[103.264832,4.154107],[103.265085,4.153941],[103.265047,4.153609],[103.265299,4.153112],[103.265573,4.152475],[103.266281,4.151919],[103.266855,4.15201],[103.267375,4.152395],[103.26774,4.152052],[103.267976,4.15202],[103.268057,4.152352],[103.268797,4.152641],[103.270224,4.152775],[103.273287,4.152625],[103.273582,4.152347],[103.274354,4.152507],[103.274671,4.152438],[103.274639,4.151844],[103.274644,4.151244],[103.274236,4.149779],[103.273389,4.149281],[103.273421,4.148848],[103.27392,4.148527],[103.273952,4.148307],[103.273678,4.147692],[103.272836,4.147012],[103.272933,4.146542],[103.273319,4.146263],[103.272375,4.14575],[103.271892,4.145803],[103.271565,4.145643],[103.271318,4.145108],[103.27076,4.145418],[103.270299,4.145413],[103.270122,4.145241],[103.270331,4.145172],[103.270261,4.144931],[103.270342,4.144621],[103.270615,4.144369],[103.270353,4.144161],[103.269451,4.144899],[103.269553,4.145252],[103.27002,4.145327],[103.270095,4.145493],[103.269843,4.145648],[103.270031,4.145937],[103.269805,4.146435],[103.269923,4.146766],[103.269795,4.147831],[103.269671,4.14903],[103.269789,4.149645],[103.269521,4.149714],[103.269569,4.149971],[103.269489,4.150158],[103.269022,4.149752],[103.267198,4.150421],[103.266978,4.15041],[103.267472,4.149645],[103.268158,4.149559],[103.268888,4.148981],[103.268958,4.148634],[103.26892,4.147927],[103.269108,4.147617],[103.268985,4.147002],[103.268749,4.146916],[103.268448,4.147184],[103.267912,4.147205],[103.267654,4.147339],[103.267509,4.147301],[103.267981,4.146905],[103.268716,4.146558],[103.268577,4.146402],[103.268276,4.146413],[103.267273,4.146617],[103.267,4.146943],[103.266989,4.147398],[103.266871,4.14774],[103.266962,4.147991],[103.266614,4.148179],[103.266179,4.147761],[103.2662,4.147494],[103.266023,4.147419],[103.265787,4.146959],[103.265964,4.146643],[103.266452,4.146846],[103.266399,4.146285],[103.266646,4.146204],[103.266571,4.14591],[103.266651,4.145857],[103.267064,4.145782],[103.267306,4.145958],[103.267643,4.145771],[103.267697,4.145375],[103.267268,4.144787],[103.267402,4.144728],[103.267885,4.145097],[103.268153,4.145027],[103.268357,4.145054],[103.268486,4.14476],[103.26844,4.144666],[103.268306,4.144594],[103.268065,4.144645],[103.267823,4.144546],[103.267689,4.144484],[103.267547,4.144447],[103.267284,4.144546],[103.267139,4.144685],[103.267094,4.144902],[103.266968,4.145265],[103.266852,4.145407],[103.266469,4.145637],[103.266149,4.146007],[103.265972,4.146223],[103.265468,4.146402],[103.265262,4.146389],[103.264768,4.146237],[103.264449,4.146277],[103.264269,4.146467],[103.264087,4.146724],[103.263832,4.147058],[103.263124,4.147422],[103.262826,4.147507],[103.262284,4.14743],[103.261839,4.147686],[103.261772,4.147802],[103.261659,4.148141],[103.261539,4.14827],[103.26126,4.148315],[103.260825,4.148096],[103.260777,4.147949],[103.260726,4.147839],[103.260613,4.147786],[103.260466,4.147794],[103.260259,4.147852],[103.260187,4.147847],[103.260007,4.147783],[103.259672,4.147724],[103.259516,4.147598],[103.259476,4.147481],[103.259189,4.146608],[103.259042,4.146301],[103.258983,4.146231],[103.258929,4.146234],[103.258862,4.146269],[103.25879,4.146373],[103.258637,4.146871],[103.258245,4.147098],[103.257829,4.147136],[103.257642,4.147111],[103.257435,4.147654],[103.25744,4.147761],[103.257494,4.147887],[103.257601,4.148098],[103.257617,4.148227],[103.257553,4.148323],[103.257328,4.148478],[103.257218,4.148625],[103.257196,4.148743],[103.257223,4.14904],[103.257169,4.149137],[103.2567,4.149479],[103.256646,4.14957],[103.256644,4.149682],[103.256724,4.149784],[103.25688,4.149853],[103.257035,4.149856],[103.257253,4.149789],[103.25754,4.1498],[103.257762,4.149752],[103.257899,4.149805],[103.25802,4.149944],[103.258022,4.150025],[103.257936,4.150153],[103.257295,4.15049],[103.256842,4.150806],[103.257368,4.151287],[103.257891,4.152004],[103.258114,4.151991],[103.258301,4.152042],[103.258637,4.152301],[103.258626,4.152384],[103.258513,4.152727],[103.259275,4.154377],[103.259557,4.154476],[103.260233,4.15388],[103.260578,4.153906],[103.26097,4.153203],[103.262268,4.151841],[103.262638,4.15179],[103.263271,4.151212],[103.263687,4.151237],[103.263996,4.151472],[103.264269,4.15201],[103.264336,4.153034],[103.264221,4.153387],[103.264575,4.153754]]]}},{"type":"Feature","properties":{"zone":"agriculture","osm":"orchard"},"geometry":{"type":"Polygon","coordinates":[[[103.268294,4.144489],[103.268035,4.144123],[103.267295,4.144075],[103.267005,4.144396],[103.266748,4.144348],[103.266581,4.144525],[103.266742,4.144819],[103.266329,4.144926],[103.266093,4.144883],[103.264795,4.146081],[103.264403,4.145926],[103.26428,4.145787],[103.264376,4.145423],[103.264806,4.145348],[103.265224,4.145027],[103.265224,4.144562],[103.264967,4.144327],[103.264328,4.144535],[103.264124,4.144439],[103.263577,4.144776],[103.263245,4.145327],[103.263416,4.145579],[103.26311,4.145509],[103.263014,4.145627],[103.263035,4.145862],[103.26273,4.145696],[103.262579,4.14591],[103.262676,4.146231],[103.26251,4.146263],[103.26237,4.145942],[103.261265,4.146344],[103.261217,4.146274],[103.261614,4.145996],[103.26193,4.145231],[103.262617,4.145257],[103.263035,4.144963],[103.26339,4.144027],[103.263427,4.143775],[103.263969,4.144005],[103.2642,4.143749],[103.26413,4.143299],[103.264275,4.143337],[103.264527,4.143749],[103.264709,4.143791],[103.264774,4.143406],[103.265101,4.143572],[103.265406,4.143262],[103.26516,4.142786],[103.265133,4.142561],[103.264763,4.142529],[103.264779,4.142267],[103.264623,4.142063],[103.263529,4.142502],[103.263239,4.142245],[103.262901,4.142326],[103.26274,4.141726],[103.262939,4.141469],[103.262445,4.14125],[103.26214,4.141293],[103.262059,4.141245],[103.261995,4.140913],[103.262166,4.140886],[103.262333,4.140747],[103.262295,4.140528],[103.26252,4.14049],[103.26303,4.140635],[103.263808,4.139998],[103.264768,4.139078],[103.266077,4.141732],[103.266496,4.141935],[103.267096,4.141582],[103.267456,4.141138],[103.267016,4.14057],[103.267418,4.140458],[103.267788,4.141239],[103.268411,4.141218],[103.268695,4.141063],[103.268872,4.139741],[103.269215,4.139522],[103.26929,4.140116],[103.269843,4.140078],[103.269843,4.140271],[103.269301,4.140624],[103.269253,4.141164],[103.269837,4.141287],[103.270385,4.14079],[103.270186,4.140469],[103.270411,4.140314],[103.270433,4.139961],[103.269993,4.13896],[103.270025,4.138741],[103.270326,4.138773],[103.27024,4.138238],[103.269435,4.137981],[103.269145,4.138195],[103.269076,4.138794],[103.268555,4.139179],[103.268089,4.139014],[103.26877,4.138789],[103.268931,4.138318],[103.268786,4.13819],[103.268647,4.13819],[103.268561,4.138051],[103.269231,4.13743],[103.268995,4.137103],[103.268582,4.137045],[103.268132,4.137339],[103.267601,4.138591],[103.267171,4.138623],[103.267466,4.138265],[103.267509,4.137494],[103.267375,4.137317],[103.267509,4.136814],[103.267354,4.135851],[103.266174,4.134744],[103.266297,4.13469],[103.266624,4.135049],[103.26715,4.135381],[103.267348,4.135263],[103.267944,4.13598],[103.268904,4.136584],[103.269419,4.136563],[103.269757,4.136734],[103.269945,4.136665],[103.269993,4.136456],[103.269843,4.136258],[103.269789,4.135894],[103.269499,4.135728],[103.269435,4.135814],[103.269253,4.135402],[103.269564,4.135536],[103.269741,4.135402],[103.269446,4.13492],[103.269001,4.134803],[103.268432,4.135118],[103.26818,4.13507],[103.268201,4.13491],[103.268475,4.134466],[103.268807,4.134332],[103.268813,4.134166],[103.268502,4.133759],[103.268309,4.133717],[103.26782,4.134348],[103.267246,4.134583],[103.267692,4.134241],[103.267928,4.133792],[103.267681,4.133096],[103.266807,4.132727],[103.266517,4.133107],[103.266571,4.132738],[103.266276,4.132427],[103.265567,4.132663],[103.265374,4.133128],[103.265653,4.133492],[103.26502,4.133144],[103.264618,4.133401],[103.264489,4.133358],[103.264371,4.132962],[103.264371,4.132812],[103.264527,4.132802],[103.264516,4.132572],[103.264779,4.132679],[103.264988,4.132523],[103.26487,4.132235],[103.265417,4.13232],[103.265702,4.132047],[103.265723,4.131769],[103.2656,4.131437],[103.265219,4.131346],[103.264811,4.130961],[103.264436,4.130822],[103.264226,4.130972],[103.264157,4.131191],[103.264119,4.131047],[103.264291,4.130362],[103.264709,4.129875],[103.264865,4.13003],[103.265181,4.130592],[103.265567,4.130613],[103.265793,4.130421],[103.265905,4.130399],[103.266082,4.130801],[103.266377,4.130597],[103.266276,4.130223],[103.266592,4.130142],[103.266656,4.129442],[103.266469,4.129201],[103.266442,4.128917],[103.266715,4.12835],[103.266887,4.128404],[103.266876,4.128537],[103.266635,4.128762],[103.266619,4.129147],[103.266898,4.129319],[103.266925,4.129864],[103.266699,4.130207],[103.267048,4.131127],[103.267477,4.131448],[103.267842,4.131625],[103.267976,4.131865],[103.268282,4.131903],[103.268411,4.131812],[103.268486,4.130769],[103.268244,4.130474],[103.268019,4.130672],[103.267665,4.129982],[103.267509,4.129238],[103.267627,4.128858],[103.266624,4.127398],[103.266131,4.127735],[103.266002,4.12751],[103.266088,4.12735],[103.265852,4.126793],[103.265771,4.126119],[103.265412,4.125889],[103.264849,4.124771],[103.264575,4.124557],[103.263947,4.124412],[103.263792,4.124594],[103.261732,4.123064],[103.260734,4.122208],[103.260611,4.121683],[103.260375,4.121501],[103.259785,4.121935],[103.258524,4.123465],[103.257998,4.123695],[103.257049,4.124594],[103.256485,4.125477],[103.256147,4.126451],[103.255643,4.128757],[103.25464,4.133299],[103.254297,4.133866],[103.253782,4.134252],[103.253181,4.134535],[103.253058,4.135418],[103.253058,4.135712],[103.253149,4.135889],[103.253304,4.135926],[103.253417,4.135905],[103.253481,4.135835],[103.253524,4.135498],[103.254093,4.135541],[103.254093,4.136172],[103.253369,4.136146],[103.253133,4.136809],[103.253208,4.137141],[103.25368,4.13812],[103.253953,4.13842],[103.253986,4.138703],[103.253878,4.138928],[103.253691,4.139072],[103.253632,4.139195],[103.253664,4.139591],[103.253841,4.139982],[103.254297,4.140346],[103.254393,4.141287],[103.254152,4.141694],[103.254029,4.141897],[103.254039,4.142023],[103.254128,4.14221],[103.25464,4.142764],[103.254812,4.142895],[103.25519,4.143101],[103.255802,4.143492],[103.256204,4.143979],[103.256654,4.144367],[103.256759,4.14457],[103.256778,4.144883],[103.25674,4.14537],[103.25677,4.145584],[103.256882,4.145892],[103.257234,4.146424],[103.257341,4.146624],[103.2574,4.146857],[103.257526,4.146967],[103.257733,4.14701],[103.258143,4.146908],[103.258503,4.146638],[103.258529,4.146279],[103.258832,4.146124],[103.259042,4.146124],[103.259369,4.146686],[103.259608,4.14751],[103.259833,4.147617],[103.260342,4.147708],[103.26067,4.147606],[103.260954,4.147986],[103.261469,4.148136],[103.261582,4.14805],[103.261694,4.147612],[103.262376,4.147221],[103.263422,4.147109],[103.263813,4.146927],[103.264334,4.146221],[103.264629,4.146135],[103.265133,4.146183],[103.265385,4.14621],[103.265782,4.146124],[103.266007,4.146033],[103.266404,4.14552],[103.266571,4.145413],[103.266812,4.1453],[103.26693,4.14515],[103.267037,4.144664],[103.267209,4.144433],[103.267536,4.144396],[103.26782,4.14446],[103.268062,4.144519],[103.268164,4.144525],[103.268294,4.144489]]]}},{"type":"Feature","properties":{"zone":"agriculture","osm":"orchard"},"geometry":{"type":"Polygon","coordinates":[[[103.278582,4.141282],[103.278925,4.141277],[103.279257,4.141507],[103.279252,4.141914],[103.279054,4.142261],[103.278168,4.143647],[103.277836,4.143941],[103.277648,4.143684],[103.277562,4.143278],[103.277122,4.143331],[103.277122,4.143695],[103.276924,4.14384],[103.27664,4.143877],[103.275808,4.14468],[103.27525,4.144514],[103.275095,4.144589],[103.274966,4.144829],[103.27481,4.144824],[103.274537,4.144546],[103.274311,4.144664],[103.274499,4.145252],[103.275121,4.145477],[103.275148,4.145728],[103.274655,4.145782],[103.274478,4.146033],[103.274542,4.146215],[103.274773,4.146408],[103.274526,4.146863],[103.273936,4.146408],[103.2737,4.14599],[103.271833,4.144985],[103.271581,4.144193],[103.271865,4.144043],[103.272107,4.144161],[103.272337,4.144792],[103.273217,4.14492],[103.273115,4.1443],[103.272831,4.144578],[103.272627,4.144476],[103.272337,4.143861],[103.272547,4.143781],[103.271908,4.143652],[103.271908,4.143353],[103.271806,4.143235],[103.271436,4.143395],[103.271313,4.143026],[103.271592,4.142786],[103.271956,4.142812],[103.271983,4.14262],[103.27238,4.142416],[103.272654,4.142513],[103.272943,4.142861],[103.273056,4.142604],[103.273448,4.142716],[103.274183,4.142181],[103.274408,4.142208],[103.274494,4.142411],[103.274376,4.142823],[103.274553,4.14331],[103.274757,4.143144],[103.274714,4.142818],[103.275052,4.142663],[103.275352,4.143101],[103.275465,4.143074],[103.275728,4.142454],[103.276296,4.142507],[103.276484,4.142679],[103.276623,4.142663],[103.276634,4.142539],[103.27621,4.142283],[103.275851,4.141962],[103.275642,4.141972],[103.275492,4.141705],[103.275486,4.141384],[103.275663,4.141095],[103.276103,4.141491],[103.276318,4.141828],[103.276527,4.141871],[103.27665,4.141994],[103.276902,4.141978],[103.277079,4.141865],[103.277594,4.14201],[103.277906,4.141908],[103.278179,4.14163],[103.278184,4.141517],[103.278394,4.141352],[103.278582,4.141282]]]}},{"type":"Feature","properties":{"zone":"agriculture","osm":"orchard"},"geometry":{"type":"Polygon","coordinates":[[[103.280598,4.143288],[103.280829,4.143321],[103.280926,4.144594],[103.280808,4.146386],[103.280733,4.14652],[103.280615,4.147184],[103.280604,4.147724],[103.279853,4.14774],[103.279472,4.147713],[103.279354,4.147398],[103.279182,4.147403],[103.27915,4.147596],[103.278898,4.147628],[103.278689,4.147542],[103.278565,4.147654],[103.278211,4.147692],[103.27805,4.148029],[103.277653,4.148104],[103.277868,4.147291],[103.27812,4.147109],[103.278088,4.146707],[103.278244,4.146558],[103.278404,4.145851],[103.279332,4.145728],[103.279542,4.145723],[103.279976,4.145792],[103.280169,4.145766],[103.280207,4.145632],[103.28011,4.145504],[103.279225,4.145338],[103.279134,4.144979],[103.279434,4.144412],[103.280598,4.143288]]]}},{"type":"Feature","properties":{"zone":"agriculture","osm":"orchard"},"geometry":{"type":"Polygon","coordinates":[[[103.283908,4.138826],[103.284852,4.138602],[103.286328,4.138618],[103.286473,4.138083],[103.286151,4.138013],[103.286108,4.137521],[103.286043,4.137414],[103.285791,4.137323],[103.285684,4.136964],[103.285732,4.136814],[103.285936,4.136681],[103.28599,4.13652],[103.285899,4.136338],[103.284676,4.13568],[103.284354,4.135236],[103.284268,4.135257],[103.284236,4.135568],[103.284327,4.136226],[103.284268,4.137478],[103.284118,4.137965],[103.283989,4.138083],[103.28394,4.138222],[103.283908,4.138826]]]}},{"type":"Feature","properties":{"zone":"agriculture","osm":"orchard"},"geometry":{"type":"Polygon","coordinates":[[[103.277943,4.135632],[103.277798,4.135536],[103.277578,4.135027],[103.27768,4.134862],[103.277932,4.13446],[103.278426,4.1343],[103.278598,4.134353],[103.278984,4.134482],[103.279064,4.134664],[103.279043,4.134792],[103.278528,4.135434],[103.277943,4.135632]]]}},{"type":"Feature","properties":{"zone":"agriculture","osm":"orchard"},"geometry":{"type":"Polygon","coordinates":[[[103.280175,4.134658],[103.280529,4.134739],[103.280754,4.134899],[103.281484,4.135889],[103.281452,4.136172],[103.281237,4.136247],[103.280936,4.136531],[103.280883,4.136772],[103.280926,4.13972],[103.280792,4.139934],[103.280448,4.140159],[103.279982,4.140415],[103.279687,4.140276],[103.279654,4.140453],[103.279676,4.140581],[103.279617,4.140726],[103.279429,4.140758],[103.279134,4.140747],[103.279048,4.140645],[103.279011,4.140126],[103.279204,4.139452],[103.279284,4.139404],[103.279392,4.139404],[103.279445,4.139351],[103.279429,4.139019],[103.279188,4.13865],[103.279204,4.138489],[103.279354,4.138302],[103.279343,4.137976],[103.279279,4.137355],[103.279306,4.137098],[103.279408,4.13705],[103.279622,4.137039],[103.28032,4.137146],[103.280384,4.137082],[103.280346,4.136777],[103.280255,4.136633],[103.27974,4.136247],[103.279555,4.1361],[103.279547,4.136001],[103.279665,4.135627],[103.279936,4.135255],[103.280116,4.135121],[103.280193,4.135094],[103.280231,4.135057],[103.280226,4.134995],[103.280175,4.134658]]]}},{"type":"Feature","properties":{"zone":"agriculture","osm":"orchard"},"geometry":{"type":"Polygon","coordinates":[[[103.334822,4.268103],[103.336619,4.267825],[103.336882,4.268419],[103.336152,4.268879],[103.336914,4.26974],[103.336815,4.269842],[103.336638,4.269695],[103.335675,4.269468],[103.335165,4.269462],[103.335053,4.269136],[103.334822,4.268103]]]}},{"type":"Feature","properties":{"zone":"industrial","osm":"industrial","name":"Taman Biopolimer Kerteh"},"geometry":{"type":"Polygon","coordinates":[[[103.433295,4.587123],[103.434011,4.587378],[103.438842,4.562954],[103.433622,4.562117],[103.427974,4.566035],[103.429544,4.571411],[103.428298,4.572615],[103.430652,4.578339],[103.433295,4.587123]]]}},{"type":"Feature","properties":{"zone":"institutional","osm":"cemetery"},"geometry":{"type":"Polygon","coordinates":[[[103.440906,4.226106],[103.440722,4.225015],[103.439884,4.225302],[103.43995,4.225578],[103.439481,4.225788],[103.439658,4.226356],[103.440906,4.226106]]]}},{"type":"Feature","properties":{"zone":"industrial","osm":"industrial","name":"Kemamam Oil Palm Mill"},"geometry":{"type":"Polygon","coordinates":[[[103.246596,4.405056],[103.246809,4.402761],[103.246995,4.402338],[103.247683,4.402592],[103.24804,4.402118],[103.248278,4.401991],[103.248982,4.402169],[103.249789,4.402245],[103.249789,4.402719],[103.249865,4.402897],[103.250655,4.403354],[103.250553,4.403964],[103.250265,4.40404],[103.250222,4.40426],[103.249653,4.404455],[103.24942,4.404777],[103.249475,4.404956],[103.249144,4.405022],[103.248897,4.404971],[103.246596,4.405056]]]}},{"type":"Feature","properties":{"zone":"institutional","osm":"institutional"},"geometry":{"type":"Polygon","coordinates":[[[103.444275,4.515069],[103.444404,4.515634],[103.443843,4.515793],[103.443677,4.515262],[103.444275,4.515069]]]}},{"type":"Feature","properties":{"zone":"residential","osm":"residential","name":"Kuarters JPJ"},"geometry":{"type":"Polygon","coordinates":[[[103.449132,4.391205],[103.44976,4.392526],[103.450095,4.39209],[103.449516,4.390732],[103.449132,4.391205]]]}},{"type":"Feature","properties":{"zone":"development","osm":"construction"},"geometry":{"type":"Polygon","coordinates":[[[103.455269,4.338971],[103.452874,4.339932],[103.453406,4.341248],[103.4558,4.340287],[103.455269,4.338971]]]}},{"type":"Feature","properties":{"zone":"agriculture","osm":"orchard"},"geometry":{"type":"Polygon","coordinates":[[[103.315827,4.021323],[103.315398,4.021505],[103.31524,4.021454],[103.314182,4.022264],[103.313149,4.021716],[103.313838,4.020412],[103.313838,4.020284],[103.313564,4.020151],[103.313216,4.020819],[103.312549,4.020463],[103.312859,4.019864],[103.312664,4.019616],[103.312434,4.019145],[103.312291,4.018573],[103.312193,4.018428],[103.311939,4.018186],[103.311896,4.017689],[103.311683,4.016758],[103.309124,4.017239],[103.308731,4.016838],[103.307875,4.016607],[103.307251,4.016758],[103.306903,4.017034],[103.306234,4.018484],[103.303434,4.018226],[103.303586,4.019854],[103.303274,4.019899],[103.303425,4.020468],[103.303898,4.020895],[103.303282,4.0215],[103.303461,4.022007],[103.303853,4.022194],[103.3038,4.022452],[103.303407,4.022603],[103.303764,4.023466],[103.303372,4.024738],[103.302667,4.026579],[103.302587,4.027763],[103.303024,4.027914],[103.303202,4.028599],[103.303514,4.029195],[103.303363,4.02996],[103.303817,4.030654],[103.30404,4.031668],[103.304879,4.032113],[103.305013,4.03302],[103.305512,4.033723],[103.305298,4.034506],[103.305378,4.035146],[103.305325,4.036418],[103.305815,4.037762],[103.30561,4.038251],[103.305414,4.040003],[103.305708,4.04108],[103.30454,4.042307],[103.300892,4.043152],[103.300215,4.044033],[103.300134,4.045038],[103.299751,4.045884],[103.29992,4.046791],[103.299778,4.047307],[103.299903,4.047992],[103.29976,4.048686],[103.300179,4.049691],[103.302872,4.049344],[103.303817,4.049362],[103.30536,4.048783],[103.306359,4.048837],[103.307099,4.049415],[103.307831,4.049362],[103.308392,4.049789],[103.308883,4.049931],[103.310452,4.044852],[103.310916,4.043624],[103.311175,4.042343],[103.311986,4.041444],[103.312584,4.039327],[103.312477,4.038945],[103.313369,4.036801],[103.313565,4.035538],[103.314733,4.033945],[103.314537,4.033403],[103.314742,4.032415],[103.315491,4.031944],[103.315233,4.030885],[103.315652,4.030663],[103.315197,4.029995],[103.315732,4.028937],[103.31575,4.028207],[103.31624,4.026544],[103.316133,4.025939],[103.316445,4.024453],[103.316321,4.023403],[103.314635,4.023057],[103.314332,4.023653],[103.313823,4.023644],[103.314011,4.022896],[103.314796,4.022363],[103.315518,4.022345],[103.315803,4.022816],[103.316017,4.02295],[103.316356,4.023066],[103.316338,4.022398],[103.316187,4.021865],[103.315982,4.021509],[103.315827,4.021323]]]}},{"type":"Feature","properties":{"zone":"agriculture","osm":"orchard"},"geometry":{"type":"Polygon","coordinates":[[[103.291506,4.069924],[103.292493,4.068117],[103.29363,4.067893],[103.295192,4.066958],[103.297103,4.062871],[103.296303,4.061425],[103.295866,4.059394],[103.297353,4.057699],[103.298202,4.057088],[103.29834,4.055419],[103.298939,4.05163],[103.298902,4.048714],[103.299302,4.045935],[103.299639,4.04363],[103.299564,4.041536],[103.29789,4.041972],[103.297815,4.043792],[103.296503,4.045113],[103.295441,4.045075],[103.289607,4.043767],[103.28942,4.045848],[103.282911,4.065076],[103.28376,4.065625],[103.283573,4.065924],[103.282861,4.065899],[103.281724,4.068578],[103.281062,4.068491],[103.280237,4.069014],[103.276827,4.072354],[103.274203,4.074348],[103.269943,4.077438],[103.266695,4.081363],[103.266208,4.082335],[103.265895,4.083345],[103.265446,4.086485],[103.268144,4.08646],[103.268069,4.086996],[103.267295,4.087046],[103.26722,4.086622],[103.265458,4.086709],[103.264221,4.094734],[103.264609,4.095033],[103.264409,4.09623],[103.263422,4.096254],[103.261873,4.098124],[103.260911,4.099544],[103.260524,4.100927],[103.260636,4.10251],[103.261298,4.10398],[103.263747,4.108354],[103.264009,4.109974],[103.263934,4.111818],[103.264396,4.111918],[103.265133,4.111756],[103.267007,4.110983],[103.268244,4.111158],[103.268744,4.111893],[103.268856,4.112541],[103.269968,4.112566],[103.270755,4.112653],[103.271342,4.113089],[103.271905,4.112715],[103.272804,4.112828],[103.273729,4.113276],[103.275877,4.113949],[103.276714,4.114261],[103.277214,4.114771],[103.278051,4.114909],[103.278638,4.114385],[103.279225,4.1137],[103.2801,4.112852],[103.2801,4.11203],[103.280325,4.111768],[103.280675,4.111768],[103.28035,4.107943],[103.280525,4.103557],[103.280887,4.100765],[103.281599,4.097276],[103.283048,4.092591],[103.285285,4.088304],[103.288733,4.08246],[103.293992,4.075594],[103.297578,4.069799],[103.298964,4.068528],[103.299614,4.068129],[103.3018,4.064379],[103.30215,4.062858],[103.304436,4.058883],[103.303674,4.057562],[103.304024,4.056179],[103.304736,4.05578],[103.305348,4.055593],[103.305898,4.055867],[103.30636,4.054297],[103.307647,4.052116],[103.307697,4.051069],[103.30711,4.050222],[103.304699,4.049674],[103.302837,4.050172],[103.300613,4.050347],[103.299989,4.050957],[103.299814,4.051817],[103.298939,4.055531],[103.299439,4.056154],[103.299277,4.057799],[103.297665,4.060092],[103.297003,4.061325],[103.297728,4.062846],[103.295904,4.066584],[103.295304,4.067681],[103.295129,4.068615],[103.294367,4.068902],[103.29343,4.068491],[103.292306,4.069911],[103.291981,4.070597],[103.291444,4.071993],[103.289632,4.074535],[103.289682,4.075183],[103.28912,4.07598],[103.287871,4.077114],[103.286209,4.078535],[103.284722,4.079096],[103.282923,4.080068],[103.282549,4.080765],[103.281937,4.081949],[103.280999,4.084429],[103.280262,4.083743],[103.281912,4.080342],[103.283461,4.078884],[103.285909,4.077463],[103.287858,4.076379],[103.28867,4.074335],[103.290319,4.071731],[103.291506,4.069924]]]}},{"type":"Feature","properties":{"zone":"industrial","osm":"industrial"},"geometry":{"type":"Polygon","coordinates":[[[103.40361,4.219027],[103.403501,4.21889],[103.403461,4.218685],[103.403686,4.21852],[103.403929,4.218787],[103.40361,4.219027]]]}},{"type":"Feature","properties":{"zone":"industrial","osm":"industrial"},"geometry":{"type":"Polygon","coordinates":[[[103.422122,4.224596],[103.422234,4.224581],[103.42221,4.224468],[103.422085,4.224478],[103.422122,4.224596]]]}},{"type":"Feature","properties":{"zone":"industrial","osm":"industrial","name":"Petro Seven Sdn. Bhd."},"geometry":{"type":"Polygon","coordinates":[[[103.461755,4.255804],[103.461414,4.256142],[103.461852,4.256585],[103.46202,4.256775],[103.46234,4.256309],[103.462097,4.256086],[103.461825,4.255818],[103.461755,4.255804]]]}},{"type":"Feature","properties":{"zone":"industrial","osm":"industrial","name":"ExxonMobil"},"geometry":{"type":"Polygon","coordinates":[[[103.468208,4.257309],[103.468172,4.257342],[103.468175,4.258256],[103.468224,4.258323],[103.469616,4.258314],[103.469684,4.258258],[103.469684,4.257301],[103.468208,4.257309]]]}},{"type":"Feature","properties":{"zone":"industrial","osm":"industrial","name":"ICO Asiapacific Kemaman Malaysia Sdn. Bhd."},"geometry":{"type":"Polygon","coordinates":[[[103.468195,4.260569],[103.46919,4.260559],[103.469206,4.259487],[103.468188,4.259489],[103.468195,4.260569]]]}},{"type":"Feature","properties":{"zone":"industrial","osm":"industrial","name":"Halliburton Energy Services (M) Sdn. Bhd."},"geometry":{"type":"Polygon","coordinates":[[[103.457759,4.254089],[103.457896,4.254056],[103.45863,4.253536],[103.458871,4.253998],[103.458947,4.254179],[103.458982,4.254434],[103.459077,4.254883],[103.45905,4.255193],[103.458142,4.255227],[103.458117,4.255209],[103.457759,4.254089]]]}},{"type":"Feature","properties":{"zone":"institutional","osm":"cemetery","name":"Tanah Perkuburan Telok Kuang"},"geometry":{"type":"Polygon","coordinates":[[[103.461263,4.257283],[103.461152,4.257422],[103.46112,4.257592],[103.461878,4.258443],[103.462189,4.258104],[103.461263,4.257283]]]}},{"type":"Feature","properties":{"zone":"industrial","osm":"industrial","name":"Petronas Carigali"},"geometry":{"type":"Polygon","coordinates":[[[103.466299,4.258948],[103.466708,4.258944],[103.466698,4.258237],[103.466847,4.258235],[103.466836,4.257229],[103.466287,4.257231],[103.466299,4.258948]]]}},{"type":"Feature","properties":{"zone":"industrial","osm":"industrial","name":"KSB Common Yard"},"geometry":{"type":"Polygon","coordinates":[[[103.456735,4.254824],[103.456538,4.254884],[103.456436,4.254528],[103.456488,4.254441],[103.456612,4.254404],[103.456735,4.254824]]]}},{"type":"Feature","properties":{"zone":"industrial","osm":"industrial","name":"KSB Common Yard"},"geometry":{"type":"Polygon","coordinates":[[[103.455509,4.25466],[103.456211,4.254448],[103.456494,4.255494],[103.456423,4.255659],[103.455886,4.255788],[103.455731,4.25542],[103.455509,4.25466]]]}},{"type":"Feature","properties":{"zone":"industrial","osm":"industrial","name":"Billionaire Eyes Sdn Bhd"},"geometry":{"type":"Polygon","coordinates":[[[103.461368,4.256749],[103.460767,4.256179],[103.460718,4.256226],[103.46088,4.256521],[103.4612,4.256862],[103.461233,4.256867],[103.461368,4.256749]]]}},{"type":"Feature","properties":{"zone":"industrial","osm":"industrial","name":"Petrotech East Sdn. Bhd."},"geometry":{"type":"Polygon","coordinates":[[[103.460859,4.255612],[103.460309,4.255056],[103.460124,4.25517],[103.460134,4.255337],[103.460531,4.255935],[103.460859,4.255612]]]}},{"type":"Feature","properties":{"zone":"industrial","osm":"industrial","name":"Independant Oil Tools (IOT) Malaysia Sdn. Bhd."},"geometry":{"type":"Polygon","coordinates":[[[103.460565,4.25808],[103.460859,4.258142],[103.460949,4.257725],[103.460661,4.257662],[103.460565,4.25808]]]}},{"type":"Feature","properties":{"zone":"industrial","osm":"industrial","name":"Sobena Offshore Inc Sdn. Bhd."},"geometry":{"type":"Polygon","coordinates":[[[103.462446,4.260653],[103.462611,4.259871],[103.462617,4.259689],[103.462647,4.259326],[103.46274,4.259056],[103.462865,4.258866],[103.462176,4.258154],[103.461871,4.258488],[103.461097,4.257634],[103.460931,4.258496],[103.460964,4.258559],[103.461019,4.258607],[103.461993,4.25883],[103.461637,4.260479],[103.462446,4.260653]]]}},{"type":"Feature","properties":{"zone":"industrial","osm":"industrial","name":"Carigali Hess Yard"},"geometry":{"type":"Polygon","coordinates":[[[103.462183,4.256935],[103.462546,4.256388],[103.462868,4.256627],[103.463518,4.25714],[103.463016,4.25769],[103.462778,4.257485],[103.462183,4.256935]]]}},{"type":"Feature","properties":{"zone":"industrial","osm":"industrial","name":"Carigali Hess Open Yard C"},"geometry":{"type":"Polygon","coordinates":[[[103.461414,4.256141],[103.461748,4.255805],[103.461032,4.255116],[103.46075,4.254757],[103.460304,4.255049],[103.460866,4.255619],[103.461414,4.256141]]]}},{"type":"Feature","properties":{"zone":"industrial","osm":"industrial","name":"IPC Malaysia B.V."},"geometry":{"type":"Polygon","coordinates":[[[103.469809,4.258452],[103.470606,4.258443],[103.47061,4.258935],[103.470083,4.259902],[103.4698,4.259784],[103.46982,4.259485],[103.469816,4.259484],[103.469809,4.258452]]]}},{"type":"Feature","properties":{"zone":"industrial","osm":"industrial","name":"ExxonMobil EMEPMI Yard"},"geometry":{"type":"Polygon","coordinates":[[[103.469813,4.259481],[103.468856,4.259488],[103.468846,4.25846],[103.469808,4.258452],[103.469813,4.259481]]]}},{"type":"Feature","properties":{"zone":"industrial","osm":"industrial","name":"Jadestone Energy"},"geometry":{"type":"Polygon","coordinates":[[[103.468845,4.25846],[103.46818,4.258462],[103.468187,4.259402],[103.468854,4.2594],[103.468845,4.25846]]]}},{"type":"Feature","properties":{"zone":"industrial","osm":"industrial","name":"Desa 7 Resources (M) Sdn. Bhd."},"geometry":{"type":"Polygon","coordinates":[[[103.467258,4.260207],[103.468051,4.260209],[103.46806,4.259508],[103.467247,4.259514],[103.467258,4.260207]]]}},{"type":"Feature","properties":{"zone":"industrial","osm":"industrial","name":"Petrofac Malaysia Marshaling Yard"},"geometry":{"type":"Polygon","coordinates":[[[103.467514,4.261053],[103.467646,4.261058],[103.467875,4.261316],[103.467846,4.261796],[103.46746,4.261718],[103.467514,4.261053]]]}},{"type":"Feature","properties":{"zone":"industrial","osm":"industrial","name":"Integrated Scheduled Waste Facility"},"geometry":{"type":"Polygon","coordinates":[[[103.467453,4.261716],[103.467504,4.261045],[103.467498,4.260968],[103.467406,4.260896],[103.467327,4.260853],[103.467175,4.260795],[103.466892,4.260693],[103.466882,4.261596],[103.467453,4.261716]]]}},{"type":"Feature","properties":{"zone":"industrial","osm":"industrial","name":"3J Offshore Services Sdn. Bhd."},"geometry":{"type":"Polygon","coordinates":[[[103.46379,4.260952],[103.463797,4.260651],[103.464133,4.260649],[103.464125,4.261023],[103.46379,4.260952]]]}},{"type":"Feature","properties":{"zone":"industrial","osm":"industrial","name":"Hijra Oil & Gas"},"geometry":{"type":"Polygon","coordinates":[[[103.463565,4.2609],[103.4634,4.260866],[103.463414,4.260647],[103.463578,4.260649],[103.463565,4.2609]]]}},{"type":"Feature","properties":{"zone":"industrial","osm":"industrial","name":"Scrap"},"geometry":{"type":"Polygon","coordinates":[[[103.46379,4.260952],[103.463565,4.2609],[103.463578,4.260649],[103.463797,4.260651],[103.46379,4.260952]]]}},{"type":"Feature","properties":{"zone":"industrial","osm":"industrial","name":"Solar Alert"},"geometry":{"type":"Polygon","coordinates":[[[103.463066,4.260648],[103.463052,4.260796],[103.4634,4.260866],[103.463414,4.260647],[103.463066,4.260648]]]}},{"type":"Feature","properties":{"zone":"industrial","osm":"industrial","name":"ITS Inspection Technical Solution Sdn. Bhd."},"geometry":{"type":"Polygon","coordinates":[[[103.463051,4.260796],[103.462956,4.260775],[103.462834,4.260646],[103.463066,4.260648],[103.463051,4.260796]]]}},{"type":"Feature","properties":{"zone":"industrial","osm":"industrial","name":"OMS Oilfield Services Sdn. Bhd."},"geometry":{"type":"Polygon","coordinates":[[[103.462835,4.260145],[103.462836,4.259596],[103.462967,4.259597],[103.462967,4.259437],[103.46338,4.259442],[103.463379,4.259884],[103.463976,4.259889],[103.463974,4.260148],[103.462835,4.260145]]]}},{"type":"Feature","properties":{"zone":"industrial","osm":"industrial","name":"EF Tech"},"geometry":{"type":"Polygon","coordinates":[[[103.465277,4.260546],[103.465272,4.260201],[103.465281,4.260185],[103.465303,4.260175],[103.465502,4.260238],[103.4655,4.260544],[103.465277,4.260546]]]}},{"type":"Feature","properties":{"zone":"industrial","osm":"industrial","name":"Baker Hughes Inteq (M) Sdn. Bhd."},"geometry":{"type":"Polygon","coordinates":[[[103.4655,4.260544],[103.465503,4.260238],[103.466292,4.260467],[103.466289,4.260557],[103.4655,4.260544]]]}},{"type":"Feature","properties":{"zone":"industrial","osm":"industrial","name":"ExxonMobil EMEPMI"},"geometry":{"type":"Polygon","coordinates":[[[103.467692,4.260329],[103.468046,4.260324],[103.468053,4.260756],[103.467687,4.260756],[103.467692,4.260329]]]}},{"type":"Feature","properties":{"zone":"industrial","osm":"industrial","name":"RHM Trading"},"geometry":{"type":"Polygon","coordinates":[[[103.46769,4.260329],[103.467557,4.260329],[103.467556,4.260511],[103.467688,4.260512],[103.46769,4.260329]]]}},{"type":"Feature","properties":{"zone":"industrial","osm":"industrial","name":"Petronas Carigali Sdn. Bhd. Yard Charlie"},"geometry":{"type":"Polygon","coordinates":[[[103.467556,4.260511],[103.466972,4.260522],[103.466773,4.260477],[103.466774,4.260331],[103.467557,4.260329],[103.467556,4.260511]]]}},{"type":"Feature","properties":{"zone":"industrial","osm":"industrial","name":"Petronas Carigali Sdn. Bhd. Yard Bravo"},"geometry":{"type":"Polygon","coordinates":[[[103.467257,4.260207],[103.466788,4.260192],[103.466784,4.259519],[103.467246,4.259514],[103.467257,4.260207]]]}},{"type":"Feature","properties":{"zone":"industrial","osm":"industrial","name":"Inter-Century Sdn. Bhd."},"geometry":{"type":"Polygon","coordinates":[[[103.466555,4.260286],[103.466636,4.260146],[103.466636,4.259964],[103.46607,4.259966],[103.466037,4.260131],[103.466555,4.260286]]]}},{"type":"Feature","properties":{"zone":"industrial","osm":"industrial","name":"DNEX Drilling Tech & Oilfield Services Sdn. Bhd. Open Yard"},"geometry":{"type":"Polygon","coordinates":[[[103.466636,4.259962],[103.466636,4.259824],[103.466374,4.259823],[103.466374,4.259964],[103.466636,4.259962]]]}},{"type":"Feature","properties":{"zone":"industrial","osm":"industrial","name":"Baker Hughes Inteq (M) Sdn. Bhd."},"geometry":{"type":"Polygon","coordinates":[[[103.466374,4.259964],[103.466069,4.259965],[103.466035,4.260131],[103.465821,4.260059],[103.465829,4.259792],[103.466373,4.259823],[103.466374,4.259964]]]}},{"type":"Feature","properties":{"zone":"industrial","osm":"industrial","name":"Schlumberger"},"geometry":{"type":"Polygon","coordinates":[[[103.461544,4.257267],[103.461699,4.257076],[103.461553,4.256937],[103.461748,4.256731],[103.463116,4.257993],[103.462847,4.258294],[103.461544,4.257267]]]}},{"type":"Feature","properties":{"zone":"industrial","osm":"industrial","name":"COSL Malaysia Warehouse 42 Open Yard"},"geometry":{"type":"Polygon","coordinates":[[[103.456125,4.259118],[103.4561,4.259142],[103.456163,4.25922],[103.457487,4.259502],[103.457547,4.259673],[103.457689,4.259771],[103.457981,4.259882],[103.458206,4.259952],[103.458603,4.260032],[103.458655,4.259459],[103.456125,4.259118]]]}},{"type":"Feature","properties":{"zone":"industrial","osm":"industrial","name":"Epic Oilfield Services Sdn. Bhd."},"geometry":{"type":"Polygon","coordinates":[[[103.455995,4.253682],[103.455468,4.253831],[103.455704,4.254578],[103.456202,4.254432],[103.455995,4.253682]]]}},{"type":"Feature","properties":{"zone":"industrial","osm":"industrial","name":"Mecas"},"geometry":{"type":"Polygon","coordinates":[[[103.456443,4.25426],[103.456385,4.254264],[103.456341,4.254244],[103.456319,4.254208],[103.456128,4.253545],[103.456866,4.253306],[103.457094,4.254056],[103.456443,4.25426]]]}},{"type":"Feature","properties":{"zone":"industrial","osm":"industrial","name":"Clariant Oil Services (M) Sdn. Bhd."},"geometry":{"type":"Polygon","coordinates":[[[103.455889,4.253356],[103.455474,4.253479],[103.455258,4.252816],[103.455646,4.252519],[103.455889,4.253356]]]}},{"type":"Feature","properties":{"zone":"industrial","osm":"industrial","name":"Velesto Drilling Sdn. Bhd."},"geometry":{"type":"Polygon","coordinates":[[[103.456443,4.251111],[103.456161,4.250754],[103.455478,4.25133],[103.455596,4.251738],[103.456443,4.251111]]]}},{"type":"Feature","properties":{"zone":"industrial","osm":"industrial","name":"Rigging Equipment Engineering"},"geometry":{"type":"Polygon","coordinates":[[[103.455349,4.250893],[103.456745,4.249833],[103.456506,4.249518],[103.455222,4.250478],[103.455349,4.250893]]]}},{"type":"Feature","properties":{"zone":"industrial","osm":"industrial","name":"HB Laboratories"},"geometry":{"type":"Polygon","coordinates":[[[103.455002,4.250409],[103.454916,4.250144],[103.454129,4.250445],[103.454207,4.250686],[103.455002,4.250409]]]}},{"type":"Feature","properties":{"zone":"industrial","osm":"industrial","name":"KSB Centralised Food Services"},"geometry":{"type":"Polygon","coordinates":[[[103.455222,4.250477],[103.454908,4.249445],[103.455445,4.248957],[103.456064,4.249846],[103.455222,4.250477]]]}},{"type":"Feature","properties":{"zone":"industrial","osm":"industrial","name":"Vantage"},"geometry":{"type":"Polygon","coordinates":[[[103.454744,4.249695],[103.454888,4.250144],[103.454531,4.250271],[103.454394,4.249961],[103.454744,4.249695]]]}},{"type":"Feature","properties":{"zone":"industrial","osm":"industrial","name":"Destini"},"geometry":{"type":"Polygon","coordinates":[[[103.456799,4.251571],[103.456445,4.251114],[103.455597,4.251743],[103.455763,4.252295],[103.456799,4.251571]]]}},{"type":"Feature","properties":{"zone":"industrial","osm":"industrial","name":"SGS (Malaysia) Sdn. Bhd."},"geometry":{"type":"Polygon","coordinates":[[[103.455805,4.252481],[103.455845,4.25261],[103.456285,4.252467],[103.456174,4.252229],[103.455805,4.252481]]]}},{"type":"Feature","properties":{"zone":"industrial","osm":"industrial","name":"FES Equipment Services Sdn. Bhd."},"geometry":{"type":"Polygon","coordinates":[[[103.456285,4.252469],[103.455845,4.25261],[103.455994,4.253096],[103.456474,4.252947],[103.456285,4.252469]]]}},{"type":"Feature","properties":{"zone":"industrial","osm":"industrial","name":"Careion Tube Sdn. Bhd."},"geometry":{"type":"Polygon","coordinates":[[[103.456142,4.255914],[103.456229,4.256361],[103.456795,4.256475],[103.456784,4.256273],[103.456935,4.256261],[103.456796,4.255703],[103.456689,4.25571],[103.45653,4.255783],[103.456142,4.255914]]]}},{"type":"Feature","properties":{"zone":"industrial","osm":"industrial","name":"UZMA Engineering Sdn. Bhd."},"geometry":{"type":"Polygon","coordinates":[[[103.456228,4.256361],[103.455899,4.256322],[103.455858,4.256076],[103.455903,4.255982],[103.456141,4.255914],[103.456228,4.256361]]]}},{"type":"Feature","properties":{"zone":"industrial","osm":"industrial","name":"Setagap Ventures Petroleum Sdn. Bhd."},"geometry":{"type":"Polygon","coordinates":[[[103.455683,4.256109],[103.455804,4.256798],[103.455379,4.256917],[103.455455,4.257423],[103.455253,4.257386],[103.454657,4.256368],[103.455683,4.256109]]]}},{"type":"Feature","properties":{"zone":"industrial","osm":"industrial","name":"Baker Hughes (Malaysia) Sdn. Bhd."},"geometry":{"type":"Polygon","coordinates":[[[103.454585,4.256358],[103.454278,4.255857],[103.453642,4.256301],[103.453951,4.256763],[103.454585,4.256358]]]}},{"type":"Feature","properties":{"zone":"industrial","osm":"industrial","name":"CKJ Engineering & Services Sdn. Bhd."},"geometry":{"type":"Polygon","coordinates":[[[103.45421,4.255753],[103.454005,4.255428],[103.453359,4.255865],[103.453573,4.256182],[103.45421,4.255753]]]}},{"type":"Feature","properties":{"zone":"industrial","osm":"industrial","name":"Ponterosso Technics Sdn. Bhd."},"geometry":{"type":"Polygon","coordinates":[[[103.454001,4.255424],[103.453784,4.25506],[103.453146,4.255484],[103.453355,4.255848],[103.454001,4.255424]]]}},{"type":"Feature","properties":{"zone":"industrial","osm":"industrial","name":"Expro Oilfield Services Sdn. Bhd."},"geometry":{"type":"Polygon","coordinates":[[[103.453782,4.255058],[103.453262,4.254292],[103.452637,4.254708],[103.453145,4.255482],[103.453782,4.255058]]]}},{"type":"Feature","properties":{"zone":"industrial","osm":"industrial","name":"Aztag Sdn. Bhd."},"geometry":{"type":"Polygon","coordinates":[[[103.452778,4.253024],[103.452925,4.252994],[103.452887,4.25288],[103.452927,4.252871],[103.453036,4.253222],[103.452932,4.253282],[103.452778,4.253024]]]}},{"type":"Feature","properties":{"zone":"industrial","osm":"industrial","name":"Duta Marine Sdn. Bhd."},"geometry":{"type":"Polygon","coordinates":[[[103.452467,4.253607],[103.452788,4.254056],[103.452263,4.254404],[103.452221,4.254315],[103.452203,4.254228],[103.452205,4.254191],[103.452213,4.254151],[103.452255,4.254045],[103.452467,4.253607]]]}},{"type":"Feature","properties":{"zone":"industrial","osm":"industrial","name":"Hess Exploration & Production Malaysia B.V."},"geometry":{"type":"Polygon","coordinates":[[[103.45245,4.25553],[103.452776,4.256022],[103.453266,4.255707],[103.452391,4.254325],[103.452264,4.254408],[103.45283,4.255286],[103.45245,4.25553]]]}},{"type":"Feature","properties":{"zone":"industrial","osm":"industrial","name":"Velesto Drilling Sdn. Bhd."},"geometry":{"type":"Polygon","coordinates":[[[103.452447,4.255533],[103.452174,4.255733],[103.452144,4.255771],[103.45215,4.255896],[103.452157,4.256393],[103.452769,4.256032],[103.452447,4.255533]]]}},{"type":"Feature","properties":{"zone":"industrial","osm":"industrial","name":"Halliburton Energy Services (M) Sdn. Bhd."},"geometry":{"type":"Polygon","coordinates":[[[103.452038,4.255662],[103.452022,4.254207],[103.452671,4.255213],[103.452038,4.255662]]]}},{"type":"Feature","properties":{"zone":"industrial","osm":"industrial","name":"KSB Centralised Domestic Waste Disposal"},"geometry":{"type":"Polygon","coordinates":[[[103.452157,4.256396],[103.45215,4.256848],[103.452192,4.257054],[103.453069,4.256492],[103.452773,4.256032],[103.452157,4.256396]]]}},{"type":"Feature","properties":{"zone":"industrial","osm":"industrial","name":"Turcomp Engineering Services Sdn. Bhd."},"geometry":{"type":"Polygon","coordinates":[[[103.452171,4.257226],[103.4524,4.257088],[103.452529,4.257362],[103.452338,4.257544],[103.452171,4.257226]]]}},{"type":"Feature","properties":{"zone":"industrial","osm":"industrial","name":"Desa 7 Resources (M) Sdn. Bhd. Beta Yard"},"geometry":{"type":"Polygon","coordinates":[[[103.452009,4.257666],[103.452436,4.25767],[103.4525,4.257709],[103.452269,4.258006],[103.452134,4.258277],[103.452015,4.258275],[103.452009,4.257666]]]}},{"type":"Feature","properties":{"zone":"industrial","osm":"industrial","name":"KSB Equipment Rental Services (ERS)"},"geometry":{"type":"Polygon","coordinates":[[[103.452136,4.258276],[103.45227,4.258007],[103.45306,4.257037],[103.453982,4.257242],[103.453892,4.257596],[103.453965,4.257616],[103.453809,4.25812],[103.453302,4.258027],[103.453116,4.258034],[103.452391,4.258274],[103.452136,4.258276]]]}},{"type":"Feature","properties":{"zone":"industrial","osm":"industrial","name":"Petrofac (Malaysia-PM304) Limited"},"geometry":{"type":"Polygon","coordinates":[[[103.454653,4.256373],[103.453678,4.257028],[103.45524,4.257391],[103.454653,4.256373]]]}},{"type":"Feature","properties":{"zone":"industrial","osm":"industrial","name":"UZMA Engineering Sdn. Bhd."},"geometry":{"type":"Polygon","coordinates":[[[103.455456,4.257423],[103.45538,4.256919],[103.455804,4.256799],[103.455711,4.257463],[103.455456,4.257423]]]}},{"type":"Feature","properties":{"zone":"industrial","osm":"industrial","name":"Halliburton Energy Services (M) Sdn. Bhd."},"geometry":{"type":"Polygon","coordinates":[[[103.456259,4.257676],[103.455881,4.257586],[103.455834,4.257542],[103.455817,4.257494],[103.455895,4.256888],[103.455899,4.256325],[103.456228,4.256364],[103.456323,4.256383],[103.456259,4.257676]]]}},{"type":"Feature","properties":{"zone":"industrial","osm":"industrial","name":"Sobena Offshore Inc Sdn. Bhd."},"geometry":{"type":"Polygon","coordinates":[[[103.460058,4.25715],[103.460131,4.25674],[103.460352,4.256454],[103.460522,4.256689],[103.461065,4.257173],[103.461016,4.257386],[103.460058,4.25715]]]}},{"type":"Feature","properties":{"zone":"industrial","osm":"industrial","name":"Explosive Store"},"geometry":{"type":"Polygon","coordinates":[[[103.452072,4.247309],[103.452102,4.247453],[103.452109,4.247662],[103.452059,4.247851],[103.452268,4.248274],[103.451094,4.249048],[103.450735,4.248586],[103.45188,4.247857],[103.451976,4.24775],[103.452001,4.247577],[103.45195,4.247378],[103.452072,4.247309]]]}},{"type":"Feature","properties":{"zone":"industrial","osm":"industrial","name":"Weatherford Malaysia Sdn. Bhd."},"geometry":{"type":"Polygon","coordinates":[[[103.454021,4.25314],[103.453986,4.253035],[103.454956,4.252777],[103.454931,4.2527],[103.455133,4.252642],[103.455258,4.252816],[103.455471,4.253481],[103.454571,4.253748],[103.454349,4.253051],[103.454021,4.25314]]]}},{"type":"Feature","properties":{"zone":"industrial","osm":"industrial","name":"Regoms Engineering (M) Sdn. Bhd."},"geometry":{"type":"Polygon","coordinates":[[[103.452847,4.253683],[103.452651,4.253821],[103.452802,4.254039],[103.452994,4.253915],[103.452847,4.253683]]]}},{"type":"Feature","properties":{"zone":"industrial","osm":"industrial","name":"PAC Eastcoast Engineering & Services Sdn. Bhd."},"geometry":{"type":"Polygon","coordinates":[[[103.453257,4.254292],[103.452996,4.253917],[103.452393,4.254322],[103.452636,4.254706],[103.453257,4.254292]]]}},{"type":"Feature","properties":{"zone":"industrial","osm":"industrial","name":"Abah Agencies (M) Sdn. Bhd."},"geometry":{"type":"Polygon","coordinates":[[[103.457137,4.255275],[103.457204,4.255478],[103.457475,4.255434],[103.457407,4.2552],[103.457137,4.255275]]]}},{"type":"Feature","properties":{"zone":"industrial","osm":"industrial","name":"Berth 1"},"geometry":{"type":"Polygon","coordinates":[[[103.466537,4.256995],[103.465886,4.256998],[103.465887,4.257128],[103.466538,4.257128],[103.466537,4.256995]]]}},{"type":"Feature","properties":{"zone":"industrial","osm":"industrial","name":"Berth 2"},"geometry":{"type":"Polygon","coordinates":[[[103.467189,4.256993],[103.466537,4.256995],[103.466538,4.257128],[103.467189,4.257126],[103.467189,4.256993]]]}},{"type":"Feature","properties":{"zone":"industrial","osm":"industrial","name":"Berth 3"},"geometry":{"type":"Polygon","coordinates":[[[103.46784,4.25699],[103.467189,4.256993],[103.467189,4.257126],[103.46784,4.257123],[103.46784,4.25699]]]}},{"type":"Feature","properties":{"zone":"industrial","osm":"industrial","name":"Berth 4"},"geometry":{"type":"Polygon","coordinates":[[[103.468491,4.256988],[103.46784,4.25699],[103.46784,4.257123],[103.468491,4.257121],[103.468491,4.256988]]]}},{"type":"Feature","properties":{"zone":"industrial","osm":"industrial","name":"Berth 5"},"geometry":{"type":"Polygon","coordinates":[[[103.469142,4.256985],[103.468491,4.256988],[103.468491,4.257121],[103.469143,4.257118],[103.469142,4.256985]]]}},{"type":"Feature","properties":{"zone":"industrial","osm":"industrial","name":"Integma Engineering"},"geometry":{"type":"Polygon","coordinates":[[[103.460565,4.258081],[103.460495,4.258432],[103.46051,4.258473],[103.460544,4.258503],[103.460678,4.25853],[103.460729,4.258512],[103.460765,4.258478],[103.460783,4.258435],[103.460859,4.258142],[103.460565,4.258081]]]}},{"type":"Feature","properties":{"zone":"industrial","osm":"industrial","name":"Ampmech Industries Sdn. Bhd."},"geometry":{"type":"Polygon","coordinates":[[[103.460949,4.257724],[103.461016,4.257387],[103.460735,4.257318],[103.460661,4.257662],[103.460949,4.257724]]]}},{"type":"Feature","properties":{"zone":"industrial","osm":"industrial","name":"Scomi KMC Sdn. Bhd."},"geometry":{"type":"Polygon","coordinates":[[[103.460296,4.258561],[103.461086,4.258732],[103.460748,4.26029],[103.459947,4.260123],[103.460296,4.258561]]]}},{"type":"Feature","properties":{"zone":"industrial","osm":"industrial","name":"Petronas Carigali Sdn. Bhd. Yard Alpha"},"geometry":{"type":"Polygon","coordinates":[[[103.46678,4.259403],[103.466786,4.258477],[103.468028,4.258469],[103.468044,4.258493],[103.468043,4.259354],[103.468021,4.259378],[103.467012,4.259395],[103.466997,4.259402],[103.46678,4.259403]]]}},{"type":"Feature","properties":{"zone":"institutional","osm":"education","name":"Sekolah Kebangsaan RKT Seberang Tayor"},"geometry":{"type":"Polygon","coordinates":[[[103.25364,4.277358],[103.254673,4.277226],[103.254563,4.27647],[103.254456,4.275876],[103.25335,4.276193],[103.25364,4.277358]]]}},{"type":"Feature","properties":{"zone":"development","osm":"construction"},"geometry":{"type":"Polygon","coordinates":[[[103.386294,4.259721],[103.384974,4.256521],[103.385199,4.253772],[103.385384,4.253041],[103.387259,4.253119],[103.387109,4.259485],[103.386658,4.259367],[103.386294,4.259721]]]}},{"type":"Feature","properties":{"zone":"industrial","osm":"industrial"},"geometry":{"type":"Polygon","coordinates":[[[103.313643,4.018742],[103.313777,4.018848],[103.313673,4.018978],[103.31354,4.018871],[103.313643,4.018742]]]}},{"type":"Feature","properties":{"zone":"industrial","osm":"industrial"},"geometry":{"type":"Polygon","coordinates":[[[103.31303,4.020078],[103.313399,4.020261],[103.313456,4.02029],[103.313203,4.020778],[103.312773,4.020552],[103.31303,4.020078]]]}},{"type":"Feature","properties":{"zone":"agriculture","osm":"orchard"},"geometry":{"type":"Polygon","coordinates":[[[103.327273,3.936444],[103.326928,3.936268],[103.326181,3.936986],[103.325996,3.937404],[103.326141,3.93781],[103.326249,3.93776],[103.326277,3.9378],[103.326166,3.937942],[103.32624,3.938166],[103.326224,3.938385],[103.32611,3.938852],[103.325938,3.938947],[103.325753,3.938965],[103.325463,3.939285],[103.325436,3.939531],[103.325342,3.939587],[103.3253,3.93968],[103.325319,3.939759],[103.325043,3.939932],[103.324847,3.939983],[103.324599,3.93995],[103.324441,3.939983],[103.324184,3.940095],[103.323946,3.940258],[103.323773,3.940439],[103.323801,3.940742],[103.323848,3.940938],[103.324128,3.941138],[103.324324,3.941245],[103.324693,3.94139],[103.324968,3.941441],[103.325328,3.941394],[103.325608,3.941259],[103.325655,3.941343],[103.32559,3.941427],[103.325692,3.941539],[103.325678,3.941837],[103.325632,3.942126],[103.325496,3.942378],[103.325146,3.942597],[103.324884,3.942764],[103.324693,3.942871],[103.32487,3.943062],[103.325132,3.943333],[103.325258,3.943361],[103.325473,3.943314],[103.326052,3.943058],[103.326173,3.943039],[103.326327,3.943104],[103.326519,3.943253],[103.326762,3.943566],[103.326804,3.94371],[103.326864,3.943971],[103.327065,3.944031],[103.327131,3.944153],[103.327266,3.944129],[103.327271,3.944018],[103.327485,3.94398],[103.327728,3.944027],[103.327775,3.944125],[103.32799,3.944395],[103.328065,3.944497],[103.328289,3.944539],[103.328447,3.944437],[103.328494,3.944572],[103.32856,3.944516],[103.328971,3.944539],[103.32933,3.944446],[103.329223,3.944031],[103.329171,3.94378],[103.329302,3.94364],[103.329746,3.943552],[103.330353,3.943542],[103.330647,3.943477],[103.330834,3.94337],[103.330839,3.943281],[103.330673,3.942691],[103.330447,3.942166],[103.330081,3.941104],[103.329409,3.939251],[103.328807,3.937802],[103.328695,3.937569],[103.328445,3.937346],[103.328037,3.936968],[103.327588,3.936684],[103.327574,3.936628],[103.327373,3.936493],[103.327273,3.936444]]]}},{"type":"Feature","properties":{"zone":"industrial","osm":"industrial"},"geometry":{"type":"Polygon","coordinates":[[[103.331542,3.954805],[103.333122,3.955379],[103.33331,3.955364],[103.333463,3.955471],[103.333636,3.955545],[103.33373,3.955466],[103.333599,3.955247],[103.333562,3.955056],[103.33359,3.954655],[103.333678,3.954609],[103.333758,3.954185],[103.333832,3.95412],[103.333847,3.954022],[103.333795,3.953882],[103.333748,3.953835],[103.333356,3.953747],[103.332352,3.953696],[103.331941,3.953691],[103.331689,3.954013],[103.331666,3.954092],[103.331726,3.95426],[103.331666,3.954516],[103.331591,3.954632],[103.33153,3.954758],[103.331542,3.954805]]]}},{"type":"Feature","properties":{"zone":"development","osm":"construction","name":"Nirvana Memorial Park"},"geometry":{"type":"Polygon","coordinates":[[[103.314548,3.888379],[103.315478,3.8877],[103.316967,3.887684],[103.317177,3.888425],[103.317364,3.88857],[103.318278,3.888544],[103.318313,3.887841],[103.318717,3.887682],[103.318254,3.886619],[103.317925,3.886602],[103.315629,3.886608],[103.315233,3.886601],[103.313383,3.88658],[103.314384,3.888473],[103.314548,3.888379]]]}},{"type":"Feature","properties":{"zone":"agriculture","osm":"orchard"},"geometry":{"type":"Polygon","coordinates":[[[103.316013,3.89106],[103.316236,3.890884],[103.317307,3.890927],[103.318815,3.891055],[103.318715,3.890019],[103.315,3.889908],[103.314947,3.890023],[103.315762,3.890823],[103.316013,3.89106]]]}},{"type":"Feature","properties":{"zone":"agriculture","osm":"orchard"},"geometry":{"type":"Polygon","coordinates":[[[103.330203,3.945511],[103.332598,3.945388],[103.332627,3.945228],[103.331188,3.944185],[103.331069,3.943748],[103.330834,3.94337],[103.330647,3.943477],[103.330353,3.943542],[103.329746,3.943552],[103.329302,3.94364],[103.329171,3.94378],[103.329223,3.944031],[103.32933,3.944446],[103.330203,3.945511]]]}},{"type":"Feature","properties":{"zone":"agriculture","osm":"orchard"},"geometry":{"type":"Polygon","coordinates":[[[103.327043,3.93375],[103.325695,3.934166],[103.32563,3.933308],[103.327057,3.932925],[103.327046,3.933545],[103.327043,3.93375]]]}},{"type":"Feature","properties":{"zone":"agriculture","osm":"orchard"},"geometry":{"type":"Polygon","coordinates":[[[103.327484,3.936465],[103.327436,3.936327],[103.32798,3.935861],[103.328432,3.935638],[103.329001,3.935557],[103.329655,3.935735],[103.32968,3.935787],[103.329646,3.936107],[103.329527,3.936512],[103.329458,3.936771],[103.329215,3.937292],[103.32912,3.937331],[103.328809,3.937472],[103.328759,3.937484],[103.328448,3.937178],[103.328147,3.936921],[103.327977,3.936849],[103.327654,3.93663],[103.327462,3.936494],[103.327484,3.936465]]]}},{"type":"Feature","properties":{"zone":"forest","osm":"forest"},"geometry":{"type":"Polygon","coordinates":[[[103.338696,4.181963],[103.341158,4.18192],[103.341174,4.181106],[103.342622,4.181087],[103.342437,4.181493],[103.342252,4.181639],[103.342507,4.182768],[103.342634,4.182959],[103.343656,4.18287],[103.343597,4.182639],[103.343746,4.18248],[103.344271,4.18271],[103.34467,4.182249],[103.344758,4.181996],[103.345231,4.181296],[103.345439,4.181824],[103.345246,4.182811],[103.345502,4.183012],[103.346148,4.182957],[103.346774,4.182719],[103.347038,4.183134],[103.347028,4.183508],[103.346918,4.183704],[103.347057,4.184018],[103.347038,4.185616],[103.346602,4.185572],[103.34638,4.185686],[103.346352,4.185867],[103.346598,4.186137],[103.346501,4.18634],[103.345861,4.187648],[103.34577,4.188508],[103.345596,4.18884],[103.345689,4.188979],[103.346413,4.189005],[103.346513,4.189063],[103.346548,4.18942],[103.346683,4.189542],[103.346896,4.189557],[103.346995,4.18958],[103.34706,4.189652],[103.34707,4.189751],[103.346861,4.189931],[103.346825,4.190055],[103.347003,4.190628],[103.346948,4.191012],[103.347007,4.191184],[103.347085,4.191253],[103.347181,4.191417],[103.34718,4.191587],[103.34721,4.191961],[103.347164,4.192029],[103.347161,4.192106],[103.347352,4.192361],[103.34753,4.192526],[103.347861,4.192587],[103.348219,4.192632],[103.34891,4.192616],[103.349324,4.192541],[103.349442,4.192663],[103.347589,4.192973],[103.347398,4.192954],[103.341806,4.193838],[103.337696,4.194337],[103.338013,4.193227],[103.338267,4.19328],[103.338741,4.192835],[103.338886,4.192391],[103.338995,4.192078],[103.339212,4.191908],[103.339473,4.191919],[103.339839,4.191915],[103.340334,4.191793],[103.340598,4.191451],[103.341232,4.190263],[103.341224,4.189984],[103.341027,4.189681],[103.340636,4.189374],[103.340293,4.189397],[103.340046,4.189828],[103.339642,4.19001],[103.33913,4.190617],[103.338829,4.191044],[103.33823,4.191334],[103.338196,4.192095],[103.337867,4.193003],[103.337542,4.193944],[103.337362,4.194368],[103.335912,4.194521],[103.335549,4.194581],[103.335075,4.194968],[103.335078,4.195449],[103.334493,4.196443],[103.334569,4.197483],[103.334509,4.197683],[103.33373,4.198488],[103.333285,4.198741],[103.332598,4.198835],[103.332083,4.199127],[103.331743,4.19959],[103.331399,4.200237],[103.330526,4.201701],[103.329851,4.202406],[103.328495,4.203473],[103.32773,4.204175],[103.327107,4.204524],[103.326973,4.202528],[103.32676,4.202477],[103.326605,4.202351],[103.326525,4.201774],[103.326053,4.201619],[103.325574,4.202185],[103.325155,4.201804],[103.325316,4.202672],[103.325109,4.202864],[103.325134,4.203865],[103.325391,4.204122],[103.325297,4.204266],[103.325493,4.204372],[103.325478,4.204569],[103.325989,4.204683],[103.326128,4.204845],[103.326179,4.20499],[103.326065,4.205025],[103.325236,4.205065],[103.323935,4.205179],[103.324035,4.204734],[103.32315,4.205016],[103.322192,4.20495],[103.322283,4.205249],[103.321472,4.205273],[103.320439,4.205134],[103.319688,4.204998],[103.319041,4.204736],[103.318529,4.204467],[103.318125,4.203863],[103.318471,4.203393],[103.318427,4.200527],[103.317991,4.200594],[103.317473,4.199316],[103.312437,4.196244],[103.310901,4.195519],[103.310422,4.194908],[103.310006,4.193531],[103.309411,4.193066],[103.307922,4.187534],[103.307926,4.187303],[103.308248,4.187015],[103.308498,4.186556],[103.309041,4.186465],[103.309116,4.186103],[103.309371,4.186017],[103.309744,4.185745],[103.310449,4.185498],[103.310797,4.185116],[103.311182,4.185098],[103.311866,4.185065],[103.312225,4.185084],[103.312809,4.185544],[103.313072,4.185848],[103.313176,4.186009],[103.313353,4.185968],[103.315939,4.188635],[103.318197,4.190795],[103.318468,4.190868],[103.318638,4.19048],[103.318504,4.190156],[103.318327,4.188847],[103.31823,4.188641],[103.318272,4.188515],[103.318169,4.188078],[103.317508,4.186569],[103.317414,4.186405],[103.317352,4.186297],[103.317233,4.186178],[103.317144,4.186051],[103.317122,4.185915],[103.317176,4.185791],[103.31732,4.185692],[103.317505,4.185643],[103.31771,4.185551],[103.317812,4.18549],[103.318011,4.185362],[103.318237,4.185282],[103.318538,4.184688],[103.318654,4.184564],[103.320246,4.182795],[103.320346,4.182667],[103.320739,4.181403],[103.321297,4.179761],[103.321389,4.179642],[103.321532,4.179359],[103.321671,4.179285],[103.32175,4.17919],[103.321863,4.178426],[103.321797,4.178273],[103.320429,4.176721],[103.320399,4.176462],[103.321002,4.175747],[103.321027,4.175436],[103.320868,4.174979],[103.320578,4.174536],[103.320598,4.173008],[103.320761,4.172151],[103.320726,4.171416],[103.320074,4.170322],[103.320868,4.169251],[103.322491,4.168737],[103.323196,4.168142],[103.321922,4.166869],[103.321961,4.166685],[103.322176,4.166393],[103.322238,4.166066],[103.322475,4.164587],[103.323973,4.16418],[103.324292,4.163193],[103.324625,4.163161],[103.327051,4.162282],[103.32728,4.162612],[103.32817,4.161638],[103.325826,4.159663],[103.32526,4.159407],[103.325293,4.158484],[103.324456,4.157196],[103.324047,4.156573],[103.323945,4.156126],[103.324046,4.155614],[103.324365,4.154746],[103.325857,4.153806],[103.326473,4.152082],[103.326695,4.151082],[103.32745,4.150538],[103.327697,4.150361],[103.327825,4.149758],[103.32802,4.14877],[103.327513,4.147539],[103.327516,4.146246],[103.328744,4.143661],[103.326631,4.143337],[103.325121,4.143115],[103.324702,4.142081],[103.324525,4.141579],[103.324467,4.140912],[103.324591,4.140302],[103.323887,4.137791],[103.323735,4.124827],[103.310774,4.118501],[103.304676,4.118049],[103.305253,4.112328],[103.302341,4.113618],[103.300159,4.10384],[103.305822,4.103093],[103.305568,4.097752],[103.306754,4.093966],[103.304379,4.087339],[103.301155,4.087205],[103.300594,4.084679],[103.302363,4.076208],[103.305762,4.069168],[103.306298,4.066118],[103.307432,4.061836],[103.307317,4.059778],[103.306935,4.05904],[103.30728,4.058896],[103.30804,4.05858],[103.308925,4.058552],[103.309383,4.058371],[103.311437,4.059589],[103.312613,4.062241],[103.311673,4.064683],[103.314719,4.067739],[103.321828,4.069778],[103.323219,4.069315],[103.327414,4.069051],[103.325869,4.074132],[103.325782,4.077394],[103.326854,4.086368],[103.327722,4.089059],[103.330756,4.093903],[103.330942,4.094279],[103.331062,4.094553],[103.331155,4.094841],[103.331209,4.095211],[103.331211,4.095885],[103.331023,4.102557],[103.347239,4.124261],[103.347982,4.135757],[103.348216,4.141041],[103.348232,4.141983],[103.348214,4.142504],[103.345611,4.158622],[103.345562,4.159009],[103.345661,4.159197],[103.349569,4.163161],[103.352039,4.165678],[103.351334,4.165426],[103.350598,4.164724],[103.349691,4.164693],[103.349538,4.164687],[103.349531,4.16418],[103.349037,4.164175],[103.349011,4.163172],[103.348279,4.163075],[103.346607,4.162847],[103.344844,4.164206],[103.344779,4.164481],[103.344715,4.164749],[103.344875,4.165371],[103.344963,4.165479],[103.344987,4.165763],[103.34468,4.166483],[103.342555,4.167091],[103.341141,4.167085],[103.341144,4.166878],[103.340583,4.166888],[103.340547,4.169019],[103.339884,4.170452],[103.340303,4.172031],[103.340463,4.17363],[103.3405,4.173724],[103.341041,4.174756],[103.34186,4.176616],[103.34186,4.176702],[103.341796,4.176841],[103.340962,4.178599],[103.341013,4.179828],[103.338891,4.181393],[103.338841,4.181472],[103.338668,4.181939],[103.338696,4.181963]]]}},{"type":"Feature","properties":{"zone":"agriculture","osm":"orchard"},"geometry":{"type":"Polygon","coordinates":[[[103.338696,4.181963],[103.341158,4.18192],[103.341174,4.181106],[103.342622,4.181087],[103.343202,4.179979],[103.343258,4.179757],[103.343468,4.178794],[103.343532,4.178615],[103.343602,4.178524],[103.344039,4.177935],[103.344127,4.177842],[103.344291,4.177652],[103.344752,4.177264],[103.344734,4.1772],[103.344473,4.176764],[103.344476,4.176721],[103.344602,4.176659],[103.344849,4.176603],[103.345533,4.176469],[103.345694,4.176467],[103.346083,4.176456],[103.346193,4.176448],[103.346464,4.176306],[103.347534,4.176654],[103.347778,4.176697],[103.348041,4.176659],[103.348792,4.176649],[103.360173,4.176702],[103.35998,4.174506],[103.351786,4.165918],[103.351288,4.165432],[103.350983,4.165086],[103.350598,4.164724],[103.349691,4.164693],[103.349538,4.164687],[103.349531,4.16418],[103.349037,4.164175],[103.349011,4.163172],[103.348279,4.163075],[103.346607,4.162847],[103.344844,4.164206],[103.344779,4.164481],[103.344715,4.164749],[103.344875,4.165371],[103.344963,4.165479],[103.344987,4.165763],[103.34468,4.166483],[103.342555,4.167091],[103.341141,4.167085],[103.341144,4.166878],[103.340583,4.166888],[103.340547,4.169019],[103.339884,4.170452],[103.340303,4.172031],[103.340463,4.17363],[103.3405,4.173724],[103.341041,4.174756],[103.34186,4.176616],[103.34186,4.176702],[103.341796,4.176841],[103.340962,4.178599],[103.341013,4.179828],[103.338891,4.181393],[103.338841,4.181472],[103.338668,4.181939],[103.338696,4.181963]]]}},{"type":"Feature","properties":{"zone":"residential","osm":"residential"},"geometry":{"type":"Polygon","coordinates":[[[103.449905,4.332999],[103.45057,4.332822],[103.450586,4.332565],[103.451168,4.332367],[103.451622,4.332557],[103.451821,4.332831],[103.451699,4.333132],[103.451461,4.333095],[103.451359,4.333723],[103.451018,4.333769],[103.450704,4.335965],[103.450613,4.33601],[103.449943,4.335769],[103.450157,4.33386],[103.449859,4.333833],[103.449905,4.332999]]]}},{"type":"Feature","properties":{"zone":"recreation","osm":"grass"},"geometry":{"type":"Polygon","coordinates":[[[103.432582,4.184302],[103.432581,4.18438],[103.432632,4.184423],[103.431686,4.184248],[103.431661,4.18411],[103.432302,4.184237],[103.432582,4.184302]]]}},{"type":"Feature","properties":{"zone":"agriculture","osm":"farmland"},"geometry":{"type":"Polygon","coordinates":[[[103.312039,3.882062],[103.311916,3.881889],[103.311393,3.881645],[103.311386,3.88155],[103.310672,3.881206],[103.311088,3.880611],[103.311115,3.880426],[103.311092,3.880276],[103.311273,3.88011],[103.311347,3.880014],[103.311506,3.879622],[103.31174,3.879562],[103.312494,3.879781],[103.312582,3.880071],[103.312652,3.880117],[103.31291,3.880153],[103.312999,3.880332],[103.313018,3.880838],[103.312621,3.881611],[103.312106,3.881959],[103.312039,3.882062]]]}},{"type":"Feature","properties":{"zone":"institutional","osm":"cemetery","name":"Perkuburan Islam Pasir Gajah"},"geometry":{"type":"Polygon","coordinates":[[[103.286179,4.242165],[103.286859,4.241677],[103.28688,4.241629],[103.286864,4.241578],[103.286695,4.241224],[103.286124,4.24131],[103.285824,4.241737],[103.286179,4.242165]]]}},{"type":"Feature","properties":{"zone":"commercial","osm":"commercial"},"geometry":{"type":"Polygon","coordinates":[[[103.442775,4.509444],[103.442917,4.509902],[103.443157,4.509835],[103.443028,4.509346],[103.442775,4.509444]]]}},{"type":"Feature","properties":{"zone":"commercial","osm":"commercial"},"geometry":{"type":"Polygon","coordinates":[[[103.44438,4.507969],[103.443279,4.508555],[103.443596,4.509222],[103.444539,4.50872],[103.444472,4.50843],[103.444685,4.508316],[103.44438,4.507969]]]}},{"type":"Feature","properties":{"zone":"commercial","osm":"retail"},"geometry":{"type":"Polygon","coordinates":[[[103.442254,4.508413],[103.442638,4.508192],[103.44228,4.506532],[103.441858,4.506638],[103.442254,4.508413]]]}},{"type":"Feature","properties":{"zone":"commercial","osm":"retail"},"geometry":{"type":"Polygon","coordinates":[[[103.442955,4.506143],[103.443117,4.506372],[103.443185,4.506641],[103.442796,4.506756],[103.442664,4.506217],[103.442955,4.506143]]]}},{"type":"Feature","properties":{"zone":"commercial","osm":"commercial"},"geometry":{"type":"Polygon","coordinates":[[[103.441261,4.493076],[103.441208,4.491691],[103.440495,4.491713],[103.44051,4.492347],[103.440733,4.492343],[103.440742,4.493081],[103.441261,4.493076]]]}},{"type":"Feature","properties":{"zone":"commercial","osm":"retail"},"geometry":{"type":"Polygon","coordinates":[[[103.440622,4.489109],[103.440992,4.489122],[103.441001,4.488706],[103.440622,4.48871],[103.440622,4.489109]]]}},{"type":"Feature","properties":{"zone":"commercial","osm":"commercial"},"geometry":{"type":"Polygon","coordinates":[[[103.441001,4.48815],[103.441005,4.486944],[103.440447,4.486931],[103.440464,4.488154],[103.441001,4.48815]]]}},{"type":"Feature","properties":{"zone":"commercial","osm":"retail"},"geometry":{"type":"Polygon","coordinates":[[[103.44045,4.485278],[103.441062,4.485286],[103.441059,4.484147],[103.440422,4.484152],[103.44045,4.485278]]]}},{"type":"Feature","properties":{"zone":"commercial","osm":"commercial"},"geometry":{"type":"Polygon","coordinates":[[[103.440489,4.483878],[103.441012,4.483875],[103.440989,4.482928],[103.440462,4.482932],[103.440489,4.483878]]]}},{"type":"Feature","properties":{"zone":"commercial","osm":"retail"},"geometry":{"type":"Polygon","coordinates":[[[103.439537,4.482021],[103.441059,4.481959],[103.441048,4.481448],[103.439535,4.481482],[103.439537,4.482021]]]}},{"type":"Feature","properties":{"zone":"commercial","osm":"retail"},"geometry":{"type":"Polygon","coordinates":[[[103.441002,4.480532],[103.440996,4.479976],[103.440364,4.479978],[103.440367,4.48054],[103.441002,4.480532]]]}},{"type":"Feature","properties":{"zone":"commercial","osm":"retail"},"geometry":{"type":"Polygon","coordinates":[[[103.446636,4.441712],[103.446681,4.441756],[103.448279,4.442403],[103.449304,4.439984],[103.449883,4.438579],[103.449849,4.438456],[103.449035,4.438055],[103.448725,4.438718],[103.448379,4.438564],[103.448259,4.438575],[103.44817,4.43861],[103.447285,4.439935],[103.446619,4.44153],[103.446611,4.441633],[103.446636,4.441712]]]}},{"type":"Feature","properties":{"zone":"commercial","osm":"retail"},"geometry":{"type":"Polygon","coordinates":[[[103.451437,4.426231],[103.45178,4.426229],[103.451772,4.426584],[103.451444,4.426589],[103.451437,4.426231]]]}},{"type":"Feature","properties":{"zone":"commercial","osm":"retail"},"geometry":{"type":"Polygon","coordinates":[[[103.452258,4.425874],[103.45259,4.425963],[103.45291,4.42592],[103.452837,4.425342],[103.452185,4.425441],[103.452258,4.425874]]]}},{"type":"Feature","properties":{"zone":"commercial","osm":"retail"},"geometry":{"type":"Polygon","coordinates":[[[103.451173,4.424318],[103.451541,4.424254],[103.451484,4.423782],[103.451112,4.423827],[103.451173,4.424318]]]}},{"type":"Feature","properties":{"zone":"commercial","osm":"retail"},"geometry":{"type":"Polygon","coordinates":[[[103.454174,4.416502],[103.454402,4.416603],[103.454579,4.416194],[103.454365,4.416103],[103.454174,4.416502]]]}},{"type":"Feature","properties":{"zone":"commercial","osm":"retail"},"geometry":{"type":"Polygon","coordinates":[[[103.451905,4.389391],[103.452539,4.389588],[103.452418,4.389919],[103.451854,4.390195],[103.451641,4.390142],[103.451905,4.389391]]]}},{"type":"Feature","properties":{"zone":"commercial","osm":"retail"},"geometry":{"type":"Polygon","coordinates":[[[103.452882,4.386921],[103.453472,4.387132],[103.453815,4.38622],[103.453196,4.385988],[103.452882,4.386921]]]}},{"type":"Feature","properties":{"zone":"commercial","osm":"commercial"},"geometry":{"type":"Polygon","coordinates":[[[103.454083,4.381715],[103.455022,4.379565],[103.454367,4.379201],[103.453251,4.381701],[103.454083,4.381715]]]}},{"type":"Feature","properties":{"zone":"commercial","osm":"retail"},"geometry":{"type":"Polygon","coordinates":[[[103.462546,4.365286],[103.46297,4.365463],[103.46341,4.364275],[103.462943,4.364094],[103.462546,4.365286]]]}},{"type":"Feature","properties":{"zone":"commercial","osm":"retail"},"geometry":{"type":"Polygon","coordinates":[[[103.455131,4.336266],[103.455324,4.336699],[103.458162,4.338144],[103.459095,4.336304],[103.457577,4.335507],[103.457352,4.336068],[103.45571,4.335207],[103.455131,4.336266]]]}},{"type":"Feature","properties":{"zone":"commercial","osm":"retail"},"geometry":{"type":"Polygon","coordinates":[[[103.446329,4.314379],[103.446729,4.313258],[103.447649,4.313309],[103.447751,4.314388],[103.446329,4.314379]]]}},{"type":"Feature","properties":{"zone":"commercial","osm":"commercial"},"geometry":{"type":"Polygon","coordinates":[[[103.435701,4.269172],[103.435667,4.267076],[103.436698,4.267086],[103.436944,4.267731],[103.436989,4.267834],[103.436427,4.26785],[103.436427,4.269067],[103.435701,4.269172]]]}},{"type":"Feature","properties":{"zone":"commercial","osm":"commercial"},"geometry":{"type":"Polygon","coordinates":[[[103.425015,4.251803],[103.42489,4.251508],[103.424762,4.251152],[103.424574,4.250608],[103.424551,4.250468],[103.424554,4.25037],[103.424676,4.249582],[103.424794,4.249605],[103.424874,4.249122],[103.42461,4.249071],[103.424574,4.249078],[103.424554,4.249108],[103.424488,4.249496],[103.424388,4.249475],[103.424221,4.250225],[103.424209,4.250346],[103.424219,4.250551],[103.424272,4.250808],[103.424429,4.251248],[103.42457,4.251566],[103.424701,4.251849],[103.424758,4.251877],[103.424814,4.251869],[103.425015,4.251803]]]}},{"type":"Feature","properties":{"zone":"commercial","osm":"commercial"},"geometry":{"type":"Polygon","coordinates":[[[103.425033,4.247758],[103.42481,4.247421],[103.424844,4.247115],[103.425016,4.247044],[103.424983,4.246373],[103.424962,4.246066],[103.425263,4.245915],[103.425307,4.245996],[103.425442,4.246703],[103.425746,4.246771],[103.425591,4.247465],[103.425033,4.247758]]]}},{"type":"Feature","properties":{"zone":"commercial","osm":"retail"},"geometry":{"type":"Polygon","coordinates":[[[103.422212,4.241224],[103.422397,4.241565],[103.421888,4.241847],[103.421707,4.241522],[103.422212,4.241224]]]}},{"type":"Feature","properties":{"zone":"commercial","osm":"retail"},"geometry":{"type":"Polygon","coordinates":[[[103.422805,4.234152],[103.422935,4.234366],[103.421889,4.234917],[103.421776,4.234708],[103.422805,4.234152]]]}},{"type":"Feature","properties":{"zone":"commercial","osm":"commercial"},"geometry":{"type":"Polygon","coordinates":[[[103.423115,4.233981],[103.423527,4.233771],[103.42426,4.233378],[103.424396,4.233611],[103.423653,4.234001],[103.423238,4.234221],[103.423115,4.233981]]]}},{"type":"Feature","properties":{"zone":"commercial","osm":"commercial"},"geometry":{"type":"Polygon","coordinates":[[[103.422187,4.234326],[103.424217,4.233226],[103.424056,4.232893],[103.42385,4.232469],[103.423612,4.231957],[103.423475,4.231923],[103.423385,4.231929],[103.422845,4.232197],[103.422534,4.232296],[103.422449,4.23229],[103.422376,4.231986],[103.421817,4.232116],[103.4219,4.232437],[103.421559,4.232521],[103.42155,4.232901],[103.421544,4.233224],[103.421553,4.233362],[103.421619,4.233632],[103.42178,4.233789],[103.421865,4.233795],[103.421919,4.233764],[103.422187,4.234326]]]}},{"type":"Feature","properties":{"zone":"commercial","osm":"commercial"},"geometry":{"type":"Polygon","coordinates":[[[103.421967,4.231531],[103.423031,4.231271],[103.422923,4.230891],[103.421869,4.231164],[103.421967,4.231531]]]}},{"type":"Feature","properties":{"zone":"commercial","osm":"commercial"},"geometry":{"type":"Polygon","coordinates":[[[103.419973,4.228824],[103.420017,4.229231],[103.420094,4.229234],[103.420611,4.230371],[103.420848,4.230793],[103.419949,4.231074],[103.419905,4.231054],[103.41988,4.230746],[103.420035,4.23069],[103.419829,4.230306],[103.41978,4.229893],[103.419937,4.229264],[103.419691,4.229263],[103.419653,4.229227],[103.419652,4.228753],[103.419676,4.228717],[103.419929,4.228783],[103.419956,4.228805],[103.419973,4.228824]]]}},{"type":"Feature","properties":{"zone":"commercial","osm":"retail"},"geometry":{"type":"Polygon","coordinates":[[[103.420551,4.227707],[103.420915,4.227842],[103.420713,4.228558],[103.420347,4.228445],[103.420551,4.227707]]]}},{"type":"Feature","properties":{"zone":"commercial","osm":"retail"},"geometry":{"type":"Polygon","coordinates":[[[103.420412,4.226741],[103.420339,4.225976],[103.420272,4.225331],[103.420897,4.225102],[103.420953,4.225058],[103.421098,4.225002],[103.421137,4.224943],[103.421138,4.224864],[103.421036,4.224447],[103.420217,4.224629],[103.420174,4.22424],[103.420029,4.223048],[103.419737,4.223046],[103.419834,4.223983],[103.419897,4.224675],[103.419979,4.225492],[103.42004,4.226135],[103.420094,4.22669],[103.420114,4.226736],[103.420179,4.22676],[103.420412,4.226741]]]}},{"type":"Feature","properties":{"zone":"commercial","osm":"commercial"},"geometry":{"type":"Polygon","coordinates":[[[103.420777,4.222739],[103.419863,4.222742],[103.419822,4.222725],[103.419804,4.222686],[103.419765,4.221616],[103.419753,4.22119],[103.419858,4.220909],[103.41993,4.220772],[103.420106,4.220571],[103.420312,4.220405],[103.42066,4.22028],[103.421135,4.220145],[103.421242,4.22047],[103.420437,4.220725],[103.420246,4.220903],[103.420123,4.221091],[103.420062,4.221266],[103.420081,4.22167],[103.420189,4.221664],[103.420291,4.221682],[103.420366,4.221712],[103.420441,4.221779],[103.420681,4.222372],[103.42076,4.222555],[103.420777,4.222739]]]}},{"type":"Feature","properties":{"zone":"commercial","osm":"commercial"},"geometry":{"type":"Polygon","coordinates":[[[103.419487,4.224076],[103.418486,4.224069],[103.418461,4.224088],[103.418453,4.224108],[103.418633,4.224705],[103.418747,4.225037],[103.418765,4.225155],[103.419586,4.225167],[103.419537,4.224513],[103.419487,4.224076]]]}},{"type":"Feature","properties":{"zone":"commercial","osm":"retail"},"geometry":{"type":"Polygon","coordinates":[[[103.422033,4.220324],[103.421912,4.219987],[103.422489,4.219808],[103.422556,4.219821],[103.422682,4.220121],[103.422033,4.220324]]]}},{"type":"Feature","properties":{"zone":"commercial","osm":"commercial"},"geometry":{"type":"Polygon","coordinates":[[[103.420202,4.219994],[103.420141,4.219754],[103.420768,4.219569],[103.420996,4.219785],[103.420202,4.219994]]]}},{"type":"Feature","properties":{"zone":"commercial","osm":"commercial"},"geometry":{"type":"Polygon","coordinates":[[[103.422153,4.219121],[103.42315,4.219002],[103.423594,4.218816],[103.42387,4.218615],[103.424296,4.218164],[103.424235,4.218108],[103.423879,4.217799],[103.423727,4.217671],[103.423195,4.217268],[103.421815,4.216218],[103.42097,4.217158],[103.421816,4.217789],[103.422109,4.218093],[103.422153,4.219121]]]}},{"type":"Feature","properties":{"zone":"commercial","osm":"retail"},"geometry":{"type":"Polygon","coordinates":[[[103.417102,4.226875],[103.417928,4.226816],[103.417908,4.227147],[103.417125,4.227211],[103.417102,4.226875]]]}},{"type":"Feature","properties":{"zone":"commercial","osm":"commercial"},"geometry":{"type":"Polygon","coordinates":[[[103.422522,4.22912],[103.422853,4.229045],[103.422728,4.228566],[103.422397,4.228651],[103.422522,4.22912]]]}},{"type":"Feature","properties":{"zone":"commercial","osm":"commercial"},"geometry":{"type":"Polygon","coordinates":[[[103.424836,4.220216],[103.425495,4.220983],[103.426029,4.221643],[103.426534,4.22134],[103.425931,4.220536],[103.425387,4.21979],[103.425161,4.219485],[103.424683,4.218894],[103.424868,4.218728],[103.424874,4.218682],[103.424629,4.218371],[103.424501,4.21847],[103.424068,4.218934],[103.424048,4.219009],[103.424051,4.219104],[103.424182,4.219472],[103.424836,4.220216]]]}},{"type":"Feature","properties":{"zone":"commercial","osm":"commercial"},"geometry":{"type":"Polygon","coordinates":[[[103.426561,4.223027],[103.426416,4.222518],[103.426727,4.222437],[103.426869,4.222951],[103.426561,4.223027]]]}},{"type":"Feature","properties":{"zone":"commercial","osm":"retail"},"geometry":{"type":"Polygon","coordinates":[[[103.426713,4.223741],[103.427081,4.223673],[103.427245,4.224255],[103.426919,4.224357],[103.426713,4.223741]]]}},{"type":"Feature","properties":{"zone":"commercial","osm":"commercial"},"geometry":{"type":"Polygon","coordinates":[[[103.428086,4.227974],[103.428245,4.228567],[103.427148,4.22883],[103.427065,4.228471],[103.427102,4.228426],[103.427883,4.228305],[103.427832,4.228022],[103.428086,4.227974]]]}},{"type":"Feature","properties":{"zone":"commercial","osm":"retail"},"geometry":{"type":"Polygon","coordinates":[[[103.427597,4.226348],[103.428212,4.2261],[103.428519,4.226921],[103.42891,4.227957],[103.429054,4.228364],[103.429029,4.228408],[103.428388,4.228583],[103.427894,4.227078],[103.427597,4.226348]]]}},{"type":"Feature","properties":{"zone":"commercial","osm":"retail"},"geometry":{"type":"Polygon","coordinates":[[[103.42825,4.228629],[103.427678,4.228771],[103.427888,4.229783],[103.428346,4.229686],[103.428429,4.229494],[103.42825,4.228629]]]}},{"type":"Feature","properties":{"zone":"commercial","osm":"commercial"},"geometry":{"type":"Polygon","coordinates":[[[103.427938,4.229844],[103.428369,4.229752],[103.428431,4.229768],[103.428494,4.229807],[103.428518,4.229846],[103.428787,4.230979],[103.42876,4.231115],[103.428734,4.231189],[103.42867,4.231264],[103.427705,4.231695],[103.427585,4.231423],[103.427485,4.230967],[103.4284,4.230732],[103.428241,4.230085],[103.427992,4.230144],[103.427915,4.229847],[103.427938,4.229844]]]}},{"type":"Feature","properties":{"zone":"commercial","osm":"commercial"},"geometry":{"type":"Polygon","coordinates":[[[103.428895,4.229939],[103.429291,4.229858],[103.429166,4.230282],[103.428981,4.230322],[103.428895,4.229939]]]}},{"type":"Feature","properties":{"zone":"commercial","osm":"commercial"},"geometry":{"type":"Polygon","coordinates":[[[103.427503,4.230916],[103.427295,4.229972],[103.426607,4.230105],[103.426864,4.23108],[103.427503,4.230916]]]}},{"type":"Feature","properties":{"zone":"commercial","osm":"commercial"},"geometry":{"type":"Polygon","coordinates":[[[103.426827,4.231142],[103.427057,4.231977],[103.426621,4.232159],[103.426516,4.231851],[103.426482,4.231236],[103.426827,4.231142]]]}},{"type":"Feature","properties":{"zone":"commercial","osm":"commercial"},"geometry":{"type":"Polygon","coordinates":[[[103.426485,4.232386],[103.424816,4.233127],[103.425066,4.233611],[103.42667,4.232825],[103.426485,4.232386]]]}},{"type":"Feature","properties":{"zone":"commercial","osm":"commercial"},"geometry":{"type":"Polygon","coordinates":[[[103.424493,4.230956],[103.425169,4.230814],[103.425118,4.230571],[103.42501,4.230504],[103.424392,4.230622],[103.424493,4.230956]]]}},{"type":"Feature","properties":{"zone":"industrial","osm":"industrial"},"geometry":{"type":"Polygon","coordinates":[[[103.426309,4.209226],[103.428958,4.211396],[103.432382,4.20782],[103.429758,4.205391],[103.426309,4.209226]]]}},{"type":"Feature","properties":{"zone":"industrial","osm":"industrial"},"geometry":{"type":"Polygon","coordinates":[[[103.429746,4.205057],[103.431613,4.206812],[103.432541,4.205774],[103.43069,4.204105],[103.429746,4.205057]]]}},{"type":"Feature","properties":{"zone":"commercial","osm":"retail"},"geometry":{"type":"Polygon","coordinates":[[[103.433129,4.207554],[103.434014,4.206527],[103.434837,4.206541],[103.43484,4.207017],[103.433585,4.20795],[103.433129,4.207554]]]}},{"type":"Feature","properties":{"zone":"commercial","osm":"retail"},"geometry":{"type":"Polygon","coordinates":[[[103.435673,4.197443],[103.436028,4.197946],[103.436565,4.19875],[103.43683,4.198581],[103.436156,4.197582],[103.43581,4.197063],[103.435761,4.197049],[103.435557,4.197177],[103.43554,4.197235],[103.435673,4.197443]]]}},{"type":"Feature","properties":{"zone":"commercial","osm":"retail"},"geometry":{"type":"Polygon","coordinates":[[[103.435994,4.196562],[103.436481,4.197326],[103.436755,4.197747],[103.437028,4.197561],[103.436874,4.19722],[103.43634,4.196424],[103.435994,4.196562]]]}},{"type":"Feature","properties":{"zone":"commercial","osm":"retail"},"geometry":{"type":"Polygon","coordinates":[[[103.433725,4.19204],[103.434056,4.191942],[103.433927,4.191567],[103.433875,4.191283],[103.433544,4.191399],[103.4336,4.191724],[103.433624,4.191822],[103.433656,4.19191],[103.433725,4.19204]]]}},{"type":"Feature","properties":{"zone":"commercial","osm":"commercial"},"geometry":{"type":"Polygon","coordinates":[[[103.433177,4.191466],[103.433091,4.190842],[103.43301,4.190733],[103.432787,4.190758],[103.43275,4.19081],[103.432875,4.191564],[103.433091,4.192314],[103.433395,4.192219],[103.433177,4.191466]]]}},{"type":"Feature","properties":{"zone":"commercial","osm":"commercial"},"geometry":{"type":"Polygon","coordinates":[[[103.431591,4.184384],[103.431701,4.184976],[103.431473,4.185011],[103.431378,4.184912],[103.431311,4.184588],[103.431394,4.184468],[103.43148,4.184413],[103.431591,4.184384]]]}},{"type":"Feature","properties":{"zone":"commercial","osm":"retail"},"geometry":{"type":"Polygon","coordinates":[[[103.413553,4.186828],[103.413924,4.18731],[103.415134,4.186365],[103.414829,4.185973],[103.41477,4.185946],[103.414727,4.18595],[103.414669,4.185978],[103.413553,4.186828]]]}},{"type":"Feature","properties":{"zone":"commercial","osm":"commercial"},"geometry":{"type":"Polygon","coordinates":[[[103.415872,4.237307],[103.416325,4.237177],[103.416215,4.236797],[103.415763,4.236935],[103.415872,4.237307]]]}},{"type":"Feature","properties":{"zone":"commercial","osm":"retail"},"geometry":{"type":"Polygon","coordinates":[[[103.411223,4.238398],[103.411692,4.238219],[103.411832,4.238542],[103.411342,4.238725],[103.411223,4.238398]]]}},{"type":"Feature","properties":{"zone":"commercial","osm":"commercial"},"geometry":{"type":"Polygon","coordinates":[[[103.407579,4.239921],[103.408137,4.239715],[103.408032,4.239395],[103.407471,4.239599],[103.407579,4.239921]]]}},{"type":"Feature","properties":{"zone":"commercial","osm":"commercial"},"geometry":{"type":"Polygon","coordinates":[[[103.406939,4.239481],[103.40687,4.239156],[103.406507,4.239257],[103.406588,4.239575],[103.406939,4.239481]]]}},{"type":"Feature","properties":{"zone":"commercial","osm":"commercial"},"geometry":{"type":"Polygon","coordinates":[[[103.404506,4.240279],[103.405552,4.239927],[103.405486,4.239622],[103.404423,4.239963],[103.404506,4.240279]]]}},{"type":"Feature","properties":{"zone":"commercial","osm":"commercial"},"geometry":{"type":"Polygon","coordinates":[[[103.403772,4.240791],[103.404188,4.240764],[103.404561,4.240649],[103.404665,4.240962],[103.404193,4.241099],[103.403799,4.241128],[103.403772,4.240791]]]}},{"type":"Feature","properties":{"zone":"commercial","osm":"retail"},"geometry":{"type":"Polygon","coordinates":[[[103.399849,4.239594],[103.400467,4.239772],[103.400709,4.238868],[103.400083,4.238702],[103.399849,4.239594]]]}},{"type":"Feature","properties":{"zone":"commercial","osm":"retail"},"geometry":{"type":"Polygon","coordinates":[[[103.394777,4.238698],[103.39526,4.238845],[103.395362,4.238529],[103.394882,4.238355],[103.394777,4.238698]]]}},{"type":"Feature","properties":{"zone":"commercial","osm":"commercial"},"geometry":{"type":"Polygon","coordinates":[[[103.394004,4.237665],[103.394651,4.237884],[103.394903,4.23795],[103.394964,4.237953],[103.395013,4.237913],[103.395129,4.237707],[103.395128,4.237619],[103.394915,4.237498],[103.394859,4.2375],[103.39481,4.237577],[103.394141,4.23737],[103.394082,4.237382],[103.39405,4.237421],[103.394004,4.237665]]]}},{"type":"Feature","properties":{"zone":"commercial","osm":"commercial"},"geometry":{"type":"Polygon","coordinates":[[[103.384202,4.234384],[103.385207,4.23517],[103.385279,4.235191],[103.385324,4.235162],[103.385366,4.235096],[103.385425,4.234939],[103.385028,4.234613],[103.384405,4.234121],[103.384202,4.234384]]]}},{"type":"Feature","properties":{"zone":"commercial","osm":"retail"},"geometry":{"type":"Polygon","coordinates":[[[103.373932,4.232621],[103.37456,4.232536],[103.374538,4.231953],[103.373734,4.232038],[103.373932,4.232621]]]}},{"type":"Feature","properties":{"zone":"commercial","osm":"retail"},"geometry":{"type":"Polygon","coordinates":[[[103.366618,4.230536],[103.367621,4.231259],[103.367762,4.23137],[103.367903,4.231084],[103.366543,4.230076],[103.366565,4.23045],[103.366618,4.230536]]]}},{"type":"Feature","properties":{"zone":"commercial","osm":"commercial"},"geometry":{"type":"Polygon","coordinates":[[[103.362896,4.227873],[103.363345,4.227263],[103.3627,4.226788],[103.36224,4.227007],[103.362109,4.227145],[103.362139,4.227344],[103.362896,4.227873]]]}},{"type":"Feature","properties":{"zone":"commercial","osm":"retail"},"geometry":{"type":"Polygon","coordinates":[[[103.361837,4.227866],[103.362347,4.228247],[103.362506,4.228028],[103.362027,4.227674],[103.361837,4.227866]]]}},{"type":"Feature","properties":{"zone":"commercial","osm":"retail"},"geometry":{"type":"Polygon","coordinates":[[[103.405062,4.256097],[103.405277,4.256329],[103.406597,4.254998],[103.406365,4.254771],[103.405062,4.256097]]]}},{"type":"Feature","properties":{"zone":"commercial","osm":"retail"},"geometry":{"type":"Polygon","coordinates":[[[103.23878,4.142309],[103.239459,4.141868],[103.238684,4.141405],[103.238356,4.141696],[103.23878,4.142309]]]}},{"type":"Feature","properties":{"zone":"agriculture","osm":"orchard"},"geometry":{"type":"MultiPolygon","coordinates":[[[[103.267163,3.997816],[103.274804,4.000288],[103.282068,4.002461],[103.283441,4.00268],[103.283693,4.002252],[103.2838,4.002263],[103.283892,4.002728],[103.286273,4.002991],[103.286295,4.002766],[103.286982,4.002809],[103.286923,4.00314],[103.29528,4.004216],[103.295334,4.003868],[103.296004,4.0039],[103.295956,4.004136],[103.295629,4.004125],[103.295575,4.004237],[103.298428,4.0046],[103.298458,4.004073],[103.29821,4.003971],[103.298145,4.003608],[103.298228,4.003491],[103.298358,4.003464],[103.298536,4.003508],[103.298526,4.003731],[103.298989,4.003748],[103.299016,4.003327],[103.29912,4.003333],[103.299114,3.997444],[103.297609,3.996478],[103.296627,3.9961],[103.297829,3.995279],[103.298029,3.996056],[103.299041,3.99614],[103.299048,3.993631],[103.299471,3.991968],[103.298574,3.990876],[103.297119,3.990721],[103.295495,3.992483],[103.29334,3.995534],[103.29298,3.996309],[103.291369,3.996436],[103.289342,3.997549],[103.288812,3.997197],[103.290338,3.995512],[103.28961,3.994991],[103.288198,3.996591],[103.286036,3.997429],[103.285252,3.9985],[103.284553,3.999184],[103.283211,3.998373],[103.282462,3.998726],[103.281579,3.999585],[103.280703,3.999001],[103.280689,3.99862],[103.279319,3.997626],[103.279022,3.998162],[103.277998,3.99714],[103.272524,3.992905],[103.272573,3.992102],[103.273216,3.991482],[103.273901,3.991665],[103.27489,3.989713],[103.276033,3.988506],[103.276805,3.988354],[103.277616,3.988473],[103.27934,3.989579],[103.282356,3.987318],[103.281473,3.986542],[103.282625,3.985098],[103.281537,3.983731],[103.282469,3.982836],[103.283465,3.98328],[103.285387,3.980468],[103.284065,3.9779],[103.283546,3.97644],[103.281138,3.974706],[103.281728,3.972115],[103.279021,3.970052],[103.27962,3.969136],[103.278351,3.968084],[103.279021,3.967098],[103.279101,3.966445],[103.280944,3.964233],[103.282307,3.965648],[103.283076,3.964835],[103.28468,3.966016],[103.284517,3.966293],[103.2859,3.967427],[103.286408,3.966679],[103.285149,3.965448],[103.285214,3.965184],[103.283851,3.963854],[103.288611,3.957909],[103.289659,3.958572],[103.290813,3.959469],[103.288181,3.962977],[103.290623,3.963575],[103.28963,3.965035],[103.290244,3.965797],[103.29306,3.968488],[103.29374,3.967725],[103.29426,3.967631],[103.294444,3.966196],[103.294714,3.964178],[103.294584,3.961856],[103.292641,3.960351],[103.293326,3.958976],[103.294564,3.959693],[103.29373,3.958104],[103.294125,3.957665],[103.294819,3.958064],[103.294949,3.955423],[103.295698,3.952219],[103.296312,3.950156],[103.299464,3.939099],[103.299469,3.93741],[103.29825,3.936697],[103.298086,3.936144],[103.298275,3.935282],[103.29886,3.93454],[103.299284,3.933453],[103.298071,3.932492],[103.2983,3.931684],[103.297791,3.931166],[103.298745,3.930518],[103.2982,3.926368],[103.297776,3.926103],[103.297177,3.923049],[103.297441,3.922625],[103.295608,3.917782],[103.292986,3.91386],[103.291547,3.912026],[103.28901,3.909809],[103.284625,3.907223],[103.278591,3.905429],[103.272008,3.9037],[103.267648,3.902434],[103.263667,3.901447],[103.262039,3.901243],[103.256164,3.899518],[103.251643,3.897235],[103.248832,3.895064],[103.247137,3.904972],[103.243407,3.925705],[103.243972,3.927537],[103.243873,3.928524],[103.241429,3.938164],[103.241457,3.93901],[103.242164,3.940715],[103.242503,3.943323],[103.242687,3.945606],[103.242672,3.95013],[103.243958,3.954992],[103.244648,3.957684],[103.246473,3.964801],[103.24725,3.966803],[103.24805,3.968409],[103.248605,3.969642],[103.249162,3.971187],[103.25087,3.975441],[103.252293,3.97912],[103.25348,3.981586],[103.253925,3.983357],[103.254164,3.983724],[103.254356,3.983941],[103.254674,3.984181],[103.25543,3.984831],[103.256082,3.985283],[103.256808,3.985643],[103.259878,3.986824],[103.260157,3.987338],[103.263687,3.993642],[103.266648,3.997516],[103.267163,3.997816]]],[[[103.24407,4.0121],[103.243773,4.014144],[103.244374,4.015412],[103.244183,4.016772],[103.242615,4.017272],[103.242184,4.017456],[103.241598,4.017251],[103.240234,4.017956],[103.240051,4.018308],[103.238073,4.01828],[103.237536,4.018576],[103.236102,4.017829],[103.234894,4.016533],[103.233453,4.016772],[103.232514,4.017963],[103.231334,4.018118],[103.231327,4.018886],[103.231023,4.019548],[103.227972,4.018463],[103.226107,4.019457],[103.224645,4.019436],[103.22449,4.018971],[103.224666,4.018343],[103.222773,4.016709],[103.222385,4.01518],[103.217532,4.012904],[103.214417,4.016836],[103.206315,4.03054],[103.209062,4.045913],[103.220182,4.04948],[103.219183,4.052532],[103.213464,4.050865],[103.21232,4.051199],[103.212937,4.055942],[103.213078,4.056443],[103.209289,4.055811],[103.209065,4.05903],[103.211233,4.060885],[103.211791,4.060471],[103.211933,4.059554],[103.213209,4.059794],[103.213593,4.058729],[103.216185,4.063154],[103.216369,4.064702],[103.218513,4.067587],[103.218404,4.06901],[103.219151,4.069778],[103.219748,4.073268],[103.221076,4.074397],[103.216686,4.081837],[103.218757,4.087032],[103.218674,4.087901],[103.219499,4.090891],[103.21896,4.092357],[103.21814,4.092841],[103.218003,4.094374],[103.219679,4.099016],[103.220107,4.099382],[103.220782,4.101974],[103.219081,4.104208],[103.217367,4.104183],[103.217393,4.106036],[103.217035,4.106549],[103.21803,4.111668],[103.219616,4.112798],[103.21974,4.113932],[103.220719,4.116243],[103.217953,4.119426],[103.217178,4.121503],[103.21733,4.122347],[103.216983,4.122372],[103.216009,4.121208],[103.216142,4.12063],[103.214625,4.118636],[103.21444,4.117642],[103.210402,4.109486],[103.211547,4.102971],[103.210877,4.100254],[103.209967,4.100605],[103.209689,4.099589],[103.210642,4.09828],[103.209153,4.095619],[103.211518,4.092811],[103.212451,4.091242],[103.210229,4.091228],[103.206061,4.082091],[103.206621,4.081504],[103.206863,4.077528],[103.208946,4.072766],[103.207198,4.07042],[103.203131,4.067406],[103.201891,4.069906],[103.201536,4.07317],[103.201269,4.076491],[103.200867,4.080258],[103.201303,4.082775],[103.197567,4.086568],[103.195324,4.089424],[103.196271,4.092218],[103.19599,4.094616],[103.195719,4.096733],[103.195922,4.099264],[103.19632,4.101594],[103.197253,4.103081],[103.19435,4.105098],[103.191667,4.104891],[103.190046,4.111149],[103.194909,4.112483],[103.199562,4.111876],[103.200185,4.111301],[103.205421,4.110077],[103.206971,4.109226],[103.207804,4.109469],[103.209095,4.11199],[103.209451,4.112589],[103.210357,4.114114],[103.210396,4.116253],[103.21081,4.11701],[103.212655,4.116287],[103.213665,4.11866],[103.213848,4.120398],[103.215488,4.121858],[103.216624,4.124633],[103.217186,4.127335],[103.2207,4.125874],[103.222743,4.126516],[103.224289,4.128483],[103.226149,4.130013],[103.226993,4.131412],[103.229568,4.132279],[103.230345,4.128266],[103.231427,4.126516],[103.230549,4.123698],[103.229509,4.123302],[103.228432,4.121697],[103.229258,4.119027],[103.228849,4.117124],[103.230232,4.113575],[103.231572,4.111926],[103.233249,4.112609],[103.234147,4.111669],[103.23426,4.111399],[103.233079,4.107052],[103.233259,4.106327],[103.234053,4.104404],[103.234152,4.103865],[103.234072,4.102422],[103.2306,4.093162],[103.230123,4.091708],[103.23015,4.091217],[103.230948,4.088611],[103.231394,4.087077],[103.231627,4.085666],[103.23226,4.072365],[103.232379,4.071532],[103.232957,4.07087],[103.238076,4.06611],[103.238775,4.0655],[103.239302,4.064935],[103.240815,4.062323],[103.24351,4.057567],[103.244708,4.05551],[103.245094,4.054883],[103.246408,4.05362],[103.249541,4.050354],[103.249965,4.049951],[103.250293,4.04952],[103.250435,4.049182],[103.251447,4.044316],[103.25157,4.043859],[103.251808,4.043539],[103.255235,4.040215],[103.25547,4.039927],[103.255571,4.039641],[103.255601,4.038317],[103.25556,4.036808],[103.255541,4.034295],[103.255589,4.0329],[103.255868,4.03206],[103.256471,4.030392],[103.256915,4.029511],[103.26251,4.02193],[103.262875,4.021459],[103.263003,4.020844],[103.263148,4.017071],[103.2634,4.009563],[103.26347,4.009023],[103.265498,4.004014],[103.265991,4.003655],[103.267381,4.003516],[103.267563,4.002735],[103.267751,4.00197],[103.268658,4.000316],[103.268448,3.999995],[103.268668,3.999476],[103.269044,3.999572],[103.269409,3.998839],[103.266796,3.998026],[103.266372,3.997673],[103.263449,3.993771],[103.259785,3.987387],[103.259538,3.987023],[103.258208,3.986472],[103.257969,3.986386],[103.256808,3.986001],[103.2565,3.985867],[103.255167,3.988023],[103.253818,3.98846],[103.25309,3.990278],[103.25095,3.990743],[103.250943,3.991306],[103.251925,3.993054],[103.254298,3.996401],[103.255329,3.99898],[103.255569,4.000439],[103.250632,4.008641],[103.245278,4.011093],[103.24407,4.0121]]],[[[103.297555,4.012532],[103.296493,4.012425],[103.296131,4.012088],[103.294925,4.011858],[103.294419,4.011957],[103.294082,4.011783],[103.293183,4.011932],[103.292814,4.011683],[103.290953,4.012169],[103.29099,4.012481],[103.28796,4.013295],[103.285747,4.013903],[103.284008,4.015327],[103.282925,4.020796],[103.281369,4.021598],[103.279878,4.020293],[103.27932,4.016622],[103.277818,4.016954],[103.272818,4.014952],[103.272164,4.012855],[103.271595,4.012769],[103.270479,4.011292],[103.270554,4.010821],[103.271134,4.010554],[103.270909,4.009783],[103.270029,4.00974],[103.268323,4.012887],[103.266059,4.011313],[103.264857,4.008445],[103.265083,4.008092],[103.265823,4.008434],[103.265952,4.008167],[103.265823,4.00761],[103.266113,4.007064],[103.266767,4.00699],[103.266875,4.006176],[103.267261,4.004218],[103.266703,4.004068],[103.265963,4.004068],[103.265694,4.004325],[103.264257,4.007696],[103.264514,4.007803],[103.264396,4.008199],[103.264117,4.008188],[103.263763,4.009194],[103.263312,4.021074],[103.263119,4.021684],[103.257347,4.029433],[103.256961,4.030064],[103.255867,4.032921],[103.255942,4.039728],[103.255717,4.040253],[103.251929,4.043827],[103.251736,4.044459],[103.250771,4.049467],[103.250277,4.050131],[103.245406,4.055096],[103.24443,4.056948],[103.245095,4.057344],[103.24634,4.059762],[103.245835,4.059548],[103.244505,4.057504],[103.244033,4.057451],[103.239559,4.065124],[103.232843,4.071695],[103.232703,4.07254],[103.231898,4.086346],[103.231373,4.088689],[103.230547,4.091161],[103.230557,4.09175],[103.234366,4.102505],[103.234506,4.103821],[103.234269,4.10472],[103.23339,4.106839],[103.233948,4.109321],[103.234688,4.111537],[103.236201,4.112682],[103.238883,4.111986],[103.239323,4.109054],[103.240203,4.108936],[103.240213,4.107128],[103.238357,4.106122],[103.236844,4.100621],[103.240986,4.101852],[103.241147,4.103874],[103.241984,4.104656],[103.243196,4.10335],[103.246082,4.103018],[103.249107,4.101167],[103.249998,4.101434],[103.252466,4.104313],[103.252122,4.106421],[103.249869,4.108251],[103.250331,4.111376],[103.252348,4.115432],[103.252004,4.116523],[103.249311,4.115014],[103.249322,4.119124],[103.250191,4.120215],[103.252605,4.119862],[103.254579,4.118129],[103.255373,4.119327],[103.256628,4.124678],[103.26206,4.117391],[103.26276,4.117286],[103.263238,4.116377],[103.263504,4.115129],[103.263799,4.10959],[103.26364,4.108758],[103.263193,4.10763],[103.260552,4.102825],[103.260295,4.101682],[103.260302,4.10082],[103.260454,4.100003],[103.260674,4.099238],[103.261152,4.098474],[103.261721,4.097869],[103.263238,4.09606],[103.263701,4.095341],[103.26408,4.093957],[103.264429,4.09152],[103.262995,4.090884],[103.263268,4.089863],[103.262821,4.089167],[103.262897,4.08729],[103.26342,4.087434],[103.263291,4.088811],[103.263936,4.089326],[103.26477,4.089197],[103.265719,4.082946],[103.265793,4.082593],[103.265916,4.082303],[103.266166,4.081652],[103.266591,4.081002],[103.269246,4.077823],[103.270073,4.077036],[103.272607,4.07516],[103.276294,4.072428],[103.277425,4.071399],[103.28118,4.067532],[103.281779,4.066783],[103.28228,4.065852],[103.28363,4.06197],[103.280535,4.060835],[103.28181,4.057361],[103.283228,4.058035],[103.284093,4.055992],[103.283509,4.055712],[103.282978,4.055969],[103.282166,4.055205],[103.285095,4.047493],[103.286415,4.048053],[103.286892,4.047705],[103.285178,4.046956],[103.286331,4.043604],[103.287211,4.043293],[103.287545,4.041742],[103.289578,4.040963],[103.290132,4.037973],[103.290534,4.037171],[103.291224,4.036384],[103.29391,4.034636],[103.294464,4.034106],[103.29501,4.03313],[103.295291,4.032457],[103.295897,4.026418],[103.296095,4.019491],[103.296222,4.018681],[103.297555,4.012532]]],[[[103.287608,4.013189],[103.289928,4.012157],[103.292839,4.011347],[103.293195,4.011621],[103.294438,4.011546],[103.294638,4.011272],[103.295677,4.011327],[103.296413,4.011819],[103.296387,4.01206],[103.296531,4.012208],[103.297621,4.012258],[103.298929,4.00661],[103.298161,4.006557],[103.298153,4.006063],[103.298991,4.006117],[103.299081,4.005361],[103.298639,4.005115],[103.298528,4.004848],[103.290349,4.003886],[103.290306,4.004453],[103.289384,4.005309],[103.289609,4.007321],[103.289072,4.009066],[103.288075,4.010211],[103.286465,4.00959],[103.285747,4.005737],[103.286615,4.004196],[103.288504,4.004185],[103.289459,4.004646],[103.289995,4.00441],[103.290027,4.003768],[103.284727,4.00304],[103.284684,4.003233],[103.284427,4.003211],[103.284427,4.003008],[103.283944,4.002944],[103.28388,4.003115],[103.283719,4.00319],[103.283826,4.004132],[103.283268,4.005074],[103.283536,4.008392],[103.282624,4.00958],[103.282238,4.009868],[103.284287,4.012137],[103.284695,4.011238],[103.287452,4.012855],[103.287608,4.013189]]],[[[103.268847,4.000791],[103.268129,4.002375],[103.267217,4.006507],[103.273858,4.006699],[103.27595,4.006999],[103.276594,4.008465],[103.279716,4.008465],[103.280381,4.009396],[103.280917,4.008979],[103.281937,4.009621],[103.28301,4.008722],[103.283288,4.008176],[103.283246,4.007619],[103.283052,4.005115],[103.283224,4.004462],[103.283632,4.003981],[103.283578,4.003285],[103.283235,4.003221],[103.283149,4.002803],[103.28243,4.002739],[103.279265,4.001969],[103.279061,4.002172],[103.278418,4.001958],[103.278493,4.001669],[103.273418,4.000064],[103.272806,4.001433],[103.270371,4.000674],[103.269781,4.000962],[103.268847,4.000791]]]]}},{"type":"Feature","properties":{"zone":"industrial","osm":"industrial","name":"Kemaman Bitumen"},"geometry":{"type":"Polygon","coordinates":[[[103.451698,4.253754],[103.451894,4.25405],[103.451919,4.255258],[103.45183,4.259029],[103.451742,4.259213],[103.449809,4.261122],[103.44926,4.260923],[103.447999,4.262133],[103.444456,4.259336],[103.446133,4.257512],[103.446749,4.257956],[103.447687,4.257219],[103.448738,4.256558],[103.450804,4.255698],[103.450795,4.254233],[103.451698,4.253754]]]}},{"type":"Feature","properties":{"zone":"agriculture","osm":"orchard"},"geometry":{"type":"MultiPolygon","coordinates":[[[[103.315375,3.895419],[103.314543,3.895077],[103.314193,3.894759],[103.311567,3.88952],[103.309068,3.886726],[103.308656,3.886447],[103.30804,3.885881],[103.307521,3.885529],[103.307412,3.885572],[103.303326,3.890863],[103.303441,3.89133],[103.303189,3.891704],[103.303059,3.89197],[103.302735,3.892372],[103.302145,3.892947],[103.301943,3.893486],[103.301583,3.89396],[103.301705,3.894873],[103.301691,3.896547],[103.301386,3.896583],[103.301032,3.89679],[103.301066,3.897877],[103.301539,3.898019],[103.301511,3.898925],[103.29989,3.901634],[103.296088,3.907828],[103.298781,3.909797],[103.298745,3.910695],[103.299048,3.911047],[103.298587,3.912003],[103.296736,3.911414],[103.296657,3.912621],[103.295562,3.912132],[103.294337,3.910918],[103.294215,3.911169],[103.295872,3.913145],[103.296916,3.913354],[103.29711,3.914589],[103.299033,3.914654],[103.299091,3.915761],[103.298796,3.917385],[103.298551,3.917607],[103.297002,3.915861],[103.296246,3.916544],[103.297305,3.91829],[103.29778,3.919519],[103.299062,3.918721],[103.299775,3.917571],[103.300539,3.916077],[103.304867,3.917191],[103.305709,3.916347],[103.306523,3.915531],[103.306981,3.914513],[103.307028,3.91441],[103.307595,3.913476],[103.308281,3.912348],[103.308036,3.912197],[103.308216,3.91178],[103.30625,3.910832],[103.303794,3.910422],[103.304176,3.909768],[103.305458,3.909833],[103.308907,3.91132],[103.309106,3.911114],[103.309195,3.910951],[103.309442,3.910499],[103.309743,3.909946],[103.310108,3.908794],[103.310293,3.908213],[103.306033,3.905754],[103.307189,3.903966],[103.310942,3.90675],[103.311043,3.906703],[103.311073,3.906666],[103.311213,3.906496],[103.311393,3.906187],[103.311568,3.905797],[103.311822,3.905194],[103.312241,3.904248],[103.312518,3.90403],[103.313085,3.903648],[103.313394,3.903466],[103.313592,3.903191],[103.313431,3.903052],[103.311822,3.902117],[103.311148,3.903068],[103.30922,3.902235],[103.310866,3.90059],[103.312695,3.901517],[103.313022,3.900811],[103.313108,3.899637],[103.313038,3.897941],[103.312176,3.895742],[103.311839,3.89545],[103.311179,3.895355],[103.310444,3.894963],[103.308471,3.897281],[103.307185,3.89842],[103.305676,3.896192],[103.304769,3.894353],[103.304891,3.894133],[103.304621,3.893871],[103.305352,3.892865],[103.305946,3.891723],[103.30626,3.890562],[103.306483,3.890192],[103.308388,3.888636],[103.309342,3.889283],[103.312187,3.891004],[103.308928,3.892865],[103.309569,3.893806],[103.310527,3.894719],[103.310901,3.895039],[103.311384,3.895251],[103.312133,3.89543],[103.312839,3.896968],[103.314006,3.897442],[103.314931,3.896433],[103.315375,3.895419]]],[[[103.307789,3.884977],[103.309595,3.886899],[103.309951,3.887278],[103.31138,3.885877],[103.312529,3.886082],[103.312806,3.88532],[103.313163,3.885353],[103.313555,3.884142],[103.312144,3.884041],[103.311894,3.883657],[103.311858,3.883026],[103.312039,3.882062],[103.311916,3.881889],[103.311393,3.881645],[103.311386,3.88155],[103.310672,3.881206],[103.307789,3.884977]]],[[[103.311571,3.888866],[103.31444,3.894638],[103.316699,3.895736],[103.317185,3.894367],[103.315766,3.894029],[103.316159,3.89275],[103.316368,3.89201],[103.316141,3.891485],[103.314708,3.890084],[103.311571,3.888866]]]]}},{"type":"Feature","properties":{"zone":"forest","osm":"forest"},"geometry":{"type":"MultiPolygon","coordinates":[[[[103.276366,3.959401],[103.276189,3.959952],[103.276044,3.959834],[103.275862,3.960348],[103.275996,3.960653],[103.276323,3.961001],[103.276758,3.961151],[103.277149,3.960974],[103.277578,3.961419],[103.277745,3.961322],[103.277782,3.961082],[103.278286,3.961387],[103.27834,3.962478],[103.278437,3.962906],[103.278394,3.963158],[103.278211,3.963393],[103.277761,3.963693],[103.277637,3.963709],[103.277332,3.963484],[103.277058,3.963067],[103.276522,3.962971],[103.276393,3.96311],[103.276339,3.963377],[103.276409,3.963714],[103.276387,3.963811],[103.276291,3.963848],[103.2762,3.963859],[103.275991,3.963688],[103.275604,3.963682],[103.275368,3.963854],[103.275368,3.964164],[103.275593,3.964239],[103.275679,3.964346],[103.275738,3.96456],[103.276076,3.965009],[103.276275,3.965534],[103.276548,3.965828],[103.27665,3.96586],[103.276779,3.96586],[103.276876,3.96578],[103.277053,3.965138],[103.276843,3.964485],[103.277018,3.964341],[103.277135,3.965003],[103.27748,3.965813],[103.278255,3.966447],[103.278022,3.966848],[103.277377,3.967006],[103.276976,3.96723],[103.27663,3.967593],[103.274062,3.97091],[103.273912,3.971227],[103.273539,3.971497],[103.273025,3.972308],[103.272801,3.972708],[103.272315,3.972997],[103.271773,3.973827],[103.27168,3.974134],[103.271895,3.975066],[103.271699,3.975308],[103.270866,3.974781],[103.270774,3.974414],[103.270877,3.97419],[103.270858,3.971227],[103.271904,3.969811],[103.272026,3.969252],[103.273006,3.968078],[103.273557,3.966801],[103.273604,3.965525],[103.274493,3.964657],[103.273937,3.964694],[103.272717,3.964596],[103.271909,3.964527],[103.270836,3.964697],[103.269884,3.964884],[103.269022,3.964924],[103.268185,3.964762],[103.267803,3.964738],[103.267404,3.964616],[103.267282,3.964251],[103.266933,3.96327],[103.26651,3.962328],[103.266486,3.961704],[103.266185,3.961517],[103.265859,3.960982],[103.265689,3.960731],[103.265575,3.960114],[103.265128,3.959052],[103.264819,3.958208],[103.264884,3.957819],[103.264428,3.957024],[103.263892,3.956569],[103.263233,3.955961],[103.262745,3.95558],[103.26281,3.955166],[103.262445,3.954444],[103.262363,3.954168],[103.26216,3.95429],[103.261981,3.954428],[103.261753,3.954387],[103.261501,3.954339],[103.260599,3.954128],[103.260078,3.954209],[103.25933,3.954379],[103.259176,3.954566],[103.258395,3.954874],[103.258192,3.954655],[103.258574,3.954241],[103.258387,3.953836],[103.258525,3.953065],[103.258054,3.952781],[103.257159,3.952002],[103.256956,3.951873],[103.256428,3.951873],[103.25607,3.951118],[103.25685,3.950989],[103.257363,3.95051],[103.257452,3.949861],[103.257338,3.949042],[103.257411,3.948563],[103.257672,3.948401],[103.258143,3.947939],[103.258607,3.947922],[103.26016,3.947833],[103.26168,3.947493],[103.262274,3.946819],[103.262745,3.946195],[103.263632,3.945367],[103.26381,3.944905],[103.264591,3.944791],[103.265437,3.944126],[103.265908,3.944232],[103.266201,3.943721],[103.266778,3.943315],[103.267014,3.94312],[103.26712,3.942812],[103.267144,3.942626],[103.267185,3.942212],[103.267396,3.941758],[103.267396,3.941441],[103.267486,3.940119],[103.267445,3.939113],[103.267754,3.938699],[103.267567,3.938253],[103.267575,3.937864],[103.26777,3.937458],[103.268136,3.937296],[103.274381,3.939105],[103.27421,3.939405],[103.273647,3.939374],[103.273164,3.939583],[103.272558,3.939877],[103.272386,3.940107],[103.27267,3.940255],[103.272969,3.940115],[103.273193,3.940143],[103.273819,3.941615],[103.273707,3.941774],[103.273744,3.942007],[103.274258,3.942258],[103.274333,3.94265],[103.274174,3.943302],[103.274267,3.944159],[103.274146,3.944466],[103.273707,3.944765],[103.273595,3.944932],[103.273781,3.945193],[103.273847,3.945641],[103.274407,3.946405],[103.275154,3.947206],[103.274314,3.947868],[103.273408,3.948911],[103.273483,3.949433],[103.273641,3.949508],[103.27409,3.950294],[103.273989,3.950527],[103.273267,3.950778],[103.272784,3.951192],[103.272968,3.951392],[103.273405,3.95163],[103.273583,3.951407],[103.273804,3.951037],[103.27399,3.950965],[103.274301,3.951359],[103.274565,3.951063],[103.275295,3.952452],[103.275986,3.954232],[103.276826,3.955564],[103.277742,3.956663],[103.277401,3.957276],[103.277096,3.957319],[103.276538,3.956838],[103.275701,3.956399],[103.275567,3.956591],[103.275181,3.956554],[103.275003,3.956447],[103.274875,3.956222],[103.274821,3.955992],[103.274445,3.955831],[103.273834,3.955794],[103.272691,3.956169],[103.272445,3.956495],[103.27216,3.956629],[103.271501,3.956586],[103.271227,3.956447],[103.27112,3.956233],[103.270921,3.956104],[103.270621,3.955965],[103.270497,3.95596],[103.270401,3.956072],[103.270411,3.956212],[103.270353,3.956388],[103.270267,3.956431],[103.270106,3.956442],[103.270063,3.956501],[103.270127,3.956875],[103.269988,3.957116],[103.269939,3.957549],[103.270261,3.957865],[103.270524,3.957863],[103.271018,3.958208],[103.271565,3.957528],[103.272632,3.957945],[103.272933,3.957886],[103.273249,3.958561],[103.273442,3.959085],[103.273807,3.959364],[103.274665,3.959562],[103.275036,3.959262],[103.275669,3.959267],[103.276044,3.959176],[103.276366,3.959401]]],[[[103.270066,3.975672],[103.269668,3.976352],[103.268262,3.977777],[103.268318,3.978178],[103.26871,3.978448],[103.268887,3.978355],[103.269504,3.977321],[103.270372,3.97705],[103.270746,3.976724],[103.270849,3.976081],[103.270569,3.975634],[103.270066,3.975672]]]]}},{"type":"Feature","properties":{"zone":"industrial","osm":"quarry"},"geometry":{"type":"Polygon","coordinates":[[[103.276366,3.959401],[103.276189,3.959952],[103.276044,3.959834],[103.275862,3.960348],[103.275996,3.960653],[103.276323,3.961001],[103.276758,3.961151],[103.277149,3.960974],[103.277578,3.961419],[103.277745,3.961322],[103.277782,3.961082],[103.278286,3.961387],[103.27834,3.962478],[103.278437,3.962906],[103.278394,3.963158],[103.278211,3.963393],[103.277761,3.963693],[103.277637,3.963709],[103.277332,3.963484],[103.277058,3.963067],[103.276522,3.962971],[103.276393,3.96311],[103.276339,3.963377],[103.276409,3.963714],[103.276387,3.963811],[103.276291,3.963848],[103.2762,3.963859],[103.275991,3.963688],[103.275604,3.963682],[103.275368,3.963854],[103.275368,3.964164],[103.275593,3.964239],[103.275679,3.964346],[103.275738,3.96456],[103.276076,3.965009],[103.276275,3.965534],[103.276548,3.965828],[103.27665,3.96586],[103.276779,3.96586],[103.276876,3.96578],[103.277053,3.965138],[103.276843,3.964485],[103.277018,3.964341],[103.277283,3.964121],[103.277492,3.964346],[103.2779,3.964383],[103.278072,3.964335],[103.278673,3.963929],[103.278946,3.963859],[103.27937,3.963672],[103.27981,3.963318],[103.279676,3.963211],[103.279365,3.963169],[103.279268,3.963024],[103.279585,3.962462],[103.279488,3.962162],[103.27951,3.961542],[103.279955,3.961536],[103.280352,3.961258],[103.280384,3.960562],[103.279821,3.959915],[103.279644,3.959503],[103.279354,3.95946],[103.279027,3.958903],[103.278769,3.958743],[103.278136,3.958058],[103.278088,3.95756],[103.277401,3.957276],[103.277096,3.957319],[103.276538,3.956838],[103.275701,3.956399],[103.275567,3.956591],[103.275181,3.956554],[103.275003,3.956447],[103.274875,3.956222],[103.274821,3.955992],[103.274445,3.955831],[103.273834,3.955794],[103.272691,3.956169],[103.272445,3.956495],[103.27216,3.956629],[103.271501,3.956586],[103.271227,3.956447],[103.27112,3.956233],[103.270921,3.956104],[103.270621,3.955965],[103.270497,3.95596],[103.270401,3.956072],[103.270411,3.956212],[103.270353,3.956388],[103.270267,3.956431],[103.270106,3.956442],[103.270063,3.956501],[103.270127,3.956875],[103.269988,3.957116],[103.269939,3.957549],[103.270261,3.957865],[103.270524,3.957863],[103.271018,3.958208],[103.271565,3.957528],[103.272632,3.957945],[103.272933,3.957886],[103.273249,3.958561],[103.273442,3.959085],[103.273807,3.959364],[103.274665,3.959562],[103.275036,3.959262],[103.275669,3.959267],[103.276044,3.959176],[103.276366,3.959401]]]}}]}